RPM,400,380,360,340,320,300,280,260,240,220,200,180,160,140,120,100,80,60,40,20,0,-20,-40,-60,-80,-100,-120,-140,-160,-180,-200,-220,-240,-260,-280,-300,-320,-340,-360,-380,-400
1,432.0,480.0,501.0,566.0,567.0,615.0,688.0,754.0,858.0,929.0,1113.0,1250.0,1454.0,1830.0,2460.0,3214.0,5996.0,0.0,0.0,0.0,0.0,0.0,0.0,13318.0,4537.0,2884.0,2264.0,2113.0,1458.0,1299.0,1036.0,997.0,850.0,734.0,708.0,609.0,633.0,538.0,526.0,532.0,501.0
2,444.0,459.0,495.0,511.0,578.0,630.0,709.0,783.0,817.0,892.0,1149.0,1302.0,1475.0,1910.0,2608.0,3308.0,5517.0,0.0,0.0,0.0,0.0,0.0,0.0,13187.0,4637.0,2827.0,2140.0,2012.0,1528.0,1229.0,1014.0,996.0,820.0,768.0,707.0,678.0,599.0,529.0,511.0,505.0,556.0
3,459.0,470.0,510.0,532.0,600.0,654.0,707.0,825.0,832.0,917.0,1209.0,1237.0,1478.0,1807.0,2391.0,3431.0,5560.0,0.0,0.0,0.0,0.0,0.0,0.0,15240.0,4505.0,2916.0,2062.0,2211.0,1451.0,1185.0,1069.0,979.0,805.0,772.0,694.0,640.0,578.0,553.0,516.0,488.0,525.0
4,483.0,488.0,507.0,508.0,631.0,687.0,678.0,747.0,839.0,950.0,1093.0,1261.0,1457.0,1839.0,2500.0,3656.0,5903.0,0.0,0.0,0.0,0.0,0.0,0.0,11634.0,4480.0,2942.0,2044.0,2093.0,1602.0,1166.0,1015.0,1035.0,841.0,750.0,733.0,618.0,568.0,553.0,513.0,478.0,508.0
5,437.0,513.0,486.0,518.0,570.0,621.0,697.0,780.0,829.0,1002.0,1139.0,1270.0,1491.0,1850.0,2399.0,3341.0,5538.0,0.0,0.0,0.0,0.0,0.0,0.0,13167.0,4408.0,2849.0,2143.0,2025.0,1511.0,1217.0,1128.0,983.0,845.0,755.0,695.0,606.0,592.0,539.0,503.0,498.0,498.0
6,455.0,464.0,497.0,523.0,591.0,644.0,721.0,741.0,852.0,907.0,1086.0,1255.0,1483.0,1830.0,2468.0,3482.0,5428.0,0.0,0.0,0.0,0.0,0.0,0.0,13771.0,4339.0,2846.0,2190.0,1999.0,1452.0,1228.0,1065.0,1090.0,822.0,754.0,775.0,634.0,595.0,544.0,531.0,500.0,517.0
7,433.0,483.0,516.0,515.0,564.0,615.0,759.0,756.0,846.0,944.0,1109.0,1287.0,1425.0,1871.0,2518.0,3291.0,5195.0,0.0,0.0,0.0,0.0,0.0,0.0,14517.0,4624.0,2795.0,2160.0,2080.0,1428.0,1196.0,1027.0,1030.0,827.0,738.0,733.0,635.0,578.0,542.0,505.0,487.0,520.0
8,442.0,461.0,543.0,531.0,576.0,626.0,687.0,760.0,810.0,898.0,1118.0,1278.0,1467.0,1854.0,2500.0,3372.0,5231.0,0.0,0.0,0.0,0.0,0.0,0.0,12216.0,4450.0,2762.0,2190.0,2113.0,1487.0,1208.0,1009.0,993.0,827.0,780.0,708.0,617.0,583.0,531.0,561.0,491.0,507.0
9,445.0,469.0,491.0,529.0,580.0,632.0,714.0,751.0,830.0,916.0,1105.0,1226.0,1530.0,1772.0,2555.0,3487.0,5452.0,0.0,0.0,0.0,0.0,0.0,0.0,13428.0,4822.0,2940.0,2175.0,2074.0,1497.0,1204.0,1054.0,976.0,811.0,739.0,696.0,622.0,582.0,561.0,530.0,489.0,511.0
10,439.0,473.0,511.0,506.0,571.0,625.0,679.0,772.0,860.0,924.0,1135.0,1257.0,1629.0,1814.0,2536.0,3437.0,5595.0,0.0,0.0,0.0,0.0,0.0,0.0,12308.0,4584.0,2830.0,2150.0,2106.0,1457.0,1184.0,1057.0,1021.0,853.0,822.0,728.0,620.0,569.0,532.0,513.0,479.0,506.0
11,452.0,466.0,489.0,520.0,589.0,643.0,693.0,767.0,904.0,914.0,1130.0,1303.0,1492.0,1870.0,2422.0,3472.0,5788.0,0.0,0.0,0.0,0.0,0.0,0.0,18820.0,4431.0,3114.0,2266.0,2085.0,1469.0,1247.0,1027.0,1025.0,810.0,777.0,729.0,607.0,601.0,592.0,504.0,505.0,496.0
12,451.0,481.0,498.0,540.0,586.0,642.0,697.0,734.0,820.0,938.0,1083.0,1380.0,1573.0,1970.0,2478.0,3385.0,5349.0,0.0,0.0,0.0,0.0,0.0,0.0,14221.0,4356.0,2945.0,2161.0,2050.0,1460.0,1186.0,1035.0,1000.0,900.0,749.0,711.0,640.0,569.0,561.0,526.0,479.0,525.0
13,432.0,478.0,501.0,568.0,562.0,614.0,687.0,752.0,853.0,933.0,1112.0,1254.0,1514.0,1781.0,2541.0,3288.0,5536.0,0.0,0.0,0.0,0.0,0.0,0.0,16998.0,4480.0,2847.0,2367.0,2162.0,1436.0,1316.0,1033.0,1010.0,850.0,734.0,717.0,609.0,634.0,541.0,526.0,532.0,497.0
14,443.0,458.0,494.0,514.0,576.0,631.0,707.0,777.0,813.0,893.0,1149.0,1308.0,1559.0,1853.0,2679.0,3403.0,5091.0,0.0,0.0,0.0,0.0,0.0,0.0,13998.0,4630.0,2806.0,2229.0,2075.0,1514.0,1246.0,1013.0,1008.0,820.0,766.0,714.0,676.0,599.0,531.0,513.0,505.0,551.0
15,459.0,470.0,510.0,534.0,597.0,653.0,702.0,819.0,829.0,917.0,1210.0,1248.0,1586.0,1757.0,2424.0,3538.0,5045.0,0.0,0.0,0.0,0.0,0.0,0.0,13563.0,4536.0,2895.0,2145.0,2290.0,1439.0,1202.0,1068.0,987.0,804.0,769.0,699.0,639.0,579.0,554.0,518.0,487.0,521.0
16,484.0,487.0,507.0,511.0,629.0,688.0,671.0,741.0,837.0,948.0,1093.0,1275.0,1583.0,1794.0,2519.0,3754.0,5120.0,0.0,0.0,0.0,0.0,0.0,0.0,11083.0,4467.0,2927.0,2129.0,2153.0,1590.0,1181.0,1014.0,1037.0,839.0,747.0,736.0,616.0,568.0,556.0,515.0,478.0,505.0
17,444.0,482.0,497.0,521.0,570.0,622.0,686.0,770.0,830.0,997.0,1083.0,1288.0,1628.0,1813.0,2371.0,3428.0,5047.0,0.0,0.0,0.0,0.0,0.0,0.0,13856.0,4320.0,2850.0,2222.0,2058.0,1502.0,1234.0,1029.0,984.0,842.0,753.0,697.0,604.0,595.0,541.0,505.0,499.0,514.0
18,444.0,480.0,489.0,509.0,576.0,617.0,710.0,735.0,854.0,901.0,1087.0,1305.0,1559.0,1852.0,2422.0,3394.0,5257.0,0.0,0.0,0.0,0.0,0.0,0.0,14748.0,4273.0,2831.0,2185.0,2088.0,1493.0,1228.0,1060.0,1033.0,819.0,751.0,776.0,634.0,586.0,563.0,513.0,505.0,494.0
19,442.0,462.0,507.0,534.0,561.0,644.0,702.0,757.0,851.0,938.0,1054.0,1322.0,1652.0,1785.0,2466.0,3496.0,5253.0,0.0,0.0,0.0,0.0,0.0,0.0,16279.0,4661.0,2952.0,2161.0,2001.0,1470.0,1270.0,1038.0,1023.0,827.0,777.0,694.0,607.0,635.0,533.0,517.0,498.0,502.0
20,434.0,464.0,510.0,533.0,567.0,651.0,684.0,767.0,870.0,914.0,1176.0,1314.0,1565.0,1904.0,2353.0,3496.0,5197.0,0.0,0.0,0.0,0.0,0.0,0.0,12435.0,4530.0,3091.0,2191.0,1946.0,1453.0,1266.0,1023.0,1007.0,852.0,778.0,711.0,638.0,594.0,546.0,532.0,478.0,503.0
21,437.0,509.0,507.0,568.0,569.0,613.0,690.0,826.0,861.0,928.0,1062.0,1282.0,1526.0,1815.0,2548.0,3341.0,5191.0,0.0,0.0,0.0,0.0,0.0,0.0,15192.0,4863.0,2777.0,2276.0,2002.0,1446.0,1249.0,1035.0,1034.0,850.0,772.0,737.0,616.0,569.0,562.0,512.0,487.0,543.0
22,433.0,463.0,542.0,522.0,575.0,639.0,679.0,740.0,840.0,947.0,1089.0,1288.0,1552.0,1791.0,2487.0,3572.0,5277.0,0.0,0.0,0.0,0.0,0.0,0.0,12714.0,4372.0,2821.0,2067.0,2111.0,1455.0,1234.0,1063.0,993.0,837.0,755.0,712.0,640.0,599.0,557.0,505.0,489.0,495.0
23,435.0,483.0,498.0,517.0,563.0,683.0,687.0,771.0,845.0,940.0,1078.0,1302.0,1565.0,1829.0,2491.0,3474.0,5566.0,0.0,0.0,0.0,0.0,0.0,0.0,17526.0,4405.0,2779.0,2129.0,1928.0,1500.0,1269.0,1041.0,1021.0,820.0,824.0,732.0,616.0,578.0,564.0,524.0,507.0,485.0
24,432.0,467.0,513.0,508.0,587.0,626.0,664.0,752.0,857.0,917.0,1214.0,1291.0,1491.0,1849.0,2601.0,3396.0,5302.0,0.0,0.0,0.0,0.0,0.0,0.0,13479.0,4696.0,2750.0,2106.0,1958.0,1490.0,1262.0,1021.0,997.0,801.0,734.0,700.0,618.0,599.0,537.0,504.0,489.0,501.0
25,435.0,463.0,494.0,528.0,625.0,638.0,671.0,772.0,811.0,925.0,1083.0,1264.0,1687.0,1740.0,2603.0,3524.0,5341.0,0.0,0.0,0.0,0.0,0.0,0.0,15254.0,4925.0,2905.0,2097.0,1908.0,1458.0,1245.0,1033.0,973.0,812.0,755.0,740.0,644.0,578.0,550.0,512.0,536.0,482.0
26,451.0,464.0,481.0,515.0,578.0,682.0,689.0,761.0,826.0,938.0,1089.0,1272.0,1614.0,1830.0,2446.0,3494.0,4976.0,0.0,0.0,0.0,0.0,0.0,0.0,13325.0,4844.0,3047.0,2174.0,1929.0,1614.0,1232.0,1061.0,986.0,839.0,779.0,732.0,609.0,584.0,600.0,517.0,503.0,480.0
27,454.0,464.0,506.0,517.0,563.0,622.0,671.0,743.0,811.0,927.0,1057.0,1290.0,1586.0,1737.0,2542.0,3383.0,5036.0,0.0,0.0,0.0,0.0,0.0,0.0,14747.0,4799.0,2779.0,2300.0,2029.0,1468.0,1268.0,1040.0,1012.0,826.0,751.0,717.0,626.0,572.0,562.0,561.0,509.0,490.0
28,453.0,454.0,502.0,540.0,591.0,635.0,751.0,832.0,911.0,910.0,1176.0,1287.0,1597.0,1716.0,2390.0,3634.0,5358.0,0.0,0.0,0.0,0.0,0.0,0.0,12036.0,4728.0,2838.0,2104.0,2170.0,1519.0,1265.0,1022.0,987.0,815.0,773.0,785.0,612.0,596.0,568.0,525.0,503.0,507.0
29,457.0,451.0,486.0,519.0,571.0,617.0,681.0,758.0,818.0,930.0,1057.0,1256.0,1624.0,1770.0,2339.0,3479.0,5302.0,0.0,0.0,0.0,0.0,0.0,0.0,14691.0,4664.0,2783.0,2185.0,1966.0,1488.0,1249.0,1033.0,971.0,809.0,739.0,702.0,609.0,584.0,540.0,533.0,482.0,491.0
30,452.0,475.0,490.0,506.0,594.0,630.0,689.0,773.0,831.0,952.0,1083.0,1262.0,1584.0,1827.0,2439.0,3369.0,5315.0,0.0,0.0,0.0,0.0,0.0,0.0,14473.0,4898.0,2753.0,2132.0,1999.0,1519.0,1238.0,1064.0,983.0,826.0,821.0,719.0,627.0,603.0,555.0,504.0,494.0,532.0
31,455.0,472.0,511.0,533.0,561.0,610.0,738.0,779.0,836.0,945.0,1069.0,1282.0,1705.0,1757.0,2506.0,3445.0,5080.0,0.0,0.0,0.0,0.0,0.0,0.0,15521.0,4633.0,2843.0,2113.0,1941.0,1593.0,1272.0,1040.0,1011.0,813.0,765.0,703.0,681.0,599.0,604.0,517.0,499.0,499.0
32,452.0,475.0,496.0,532.0,586.0,615.0,679.0,772.0,825.0,922.0,1191.0,1277.0,1587.0,1881.0,2392.0,3438.0,5050.0,0.0,0.0,0.0,0.0,0.0,0.0,12723.0,4987.0,2994.0,2176.0,1921.0,1432.0,1265.0,1023.0,990.0,898.0,754.0,716.0,635.0,603.0,564.0,534.0,514.0,505.0
33,437.0,473.0,493.0,567.0,628.0,624.0,695.0,749.0,834.0,925.0,1057.0,1250.0,1522.0,1805.0,2532.0,3216.0,5262.0,0.0,0.0,0.0,0.0,0.0,0.0,14624.0,4776.0,2717.0,2284.0,1996.0,1515.0,1254.0,1035.0,968.0,801.0,739.0,717.0,622.0,581.0,570.0,515.0,495.0,498.0
34,452.0,454.0,483.0,522.0,578.0,606.0,709.0,736.0,856.0,934.0,1062.0,1268.0,1514.0,1781.0,2469.0,3402.0,5413.0,0.0,0.0,0.0,0.0,0.0,0.0,12307.0,4690.0,2795.0,2087.0,2085.0,1487.0,1247.0,1064.0,978.0,831.0,750.0,707.0,678.0,585.0,549.0,511.0,489.0,479.0
35,436.0,471.0,479.0,519.0,560.0,637.0,668.0,743.0,839.0,926.0,1037.0,1288.0,1490.0,1819.0,2482.0,3344.0,5589.0,0.0,0.0,0.0,0.0,0.0,0.0,17474.0,4695.0,2762.0,2146.0,1881.0,1542.0,1284.0,1042.0,1005.0,861.0,753.0,747.0,635.0,572.0,553.0,532.0,508.0,489.0
36,453.0,501.0,506.0,510.0,589.0,616.0,694.0,749.0,828.0,911.0,1169.0,1273.0,1598.0,1826.0,2587.0,3312.0,5118.0,0.0,0.0,0.0,0.0,0.0,0.0,13419.0,4910.0,2719.0,2121.0,1906.0,1542.0,1286.0,1022.0,986.0,862.0,741.0,741.0,610.0,598.0,600.0,511.0,488.0,488.0
37,436.0,454.0,504.0,531.0,590.0,621.0,702.0,761.0,841.0,928.0,1065.0,1238.0,1550.0,1717.0,2588.0,3477.0,5230.0,0.0,0.0,0.0,0.0,0.0,0.0,15414.0,5172.0,2862.0,2123.0,1869.0,1471.0,1276.0,1030.0,971.0,853.0,778.0,726.0,641.0,587.0,561.0,518.0,487.0,505.0
38,451.0,501.0,485.0,514.0,599.0,638.0,665.0,776.0,851.0,951.0,1098.0,1250.0,1558.0,1801.0,2405.0,3474.0,4949.0,0.0,0.0,0.0,0.0,0.0,0.0,13488.0,5111.0,3040.0,2210.0,1887.0,1491.0,1255.0,1066.0,980.0,839.0,769.0,796.0,636.0,639.0,538.0,522.0,498.0,489.0
39,436.0,462.0,489.0,517.0,576.0,615.0,694.0,735.0,867.0,947.0,1077.0,1267.0,1620.0,1715.0,2484.0,3341.0,5128.0,0.0,0.0,0.0,0.0,0.0,0.0,14847.0,4977.0,2777.0,2328.0,1967.0,1488.0,1287.0,1043.0,1010.0,861.0,757.0,713.0,610.0,597.0,549.0,569.0,515.0,536.0
40,452.0,476.0,512.0,543.0,587.0,641.0,681.0,746.0,858.0,926.0,1195.0,1264.0,1653.0,1699.0,2353.0,3568.0,5313.0,0.0,0.0,0.0,0.0,0.0,0.0,11927.0,4713.0,2842.0,2114.0,2090.0,1444.0,1279.0,1022.0,986.0,825.0,744.0,738.0,641.0,571.0,555.0,533.0,498.0,503.0
41,437.0,461.0,493.0,525.0,570.0,605.0,698.0,749.0,837.0,934.0,1059.0,1239.0,1577.0,1769.0,2313.0,3341.0,5110.0,0.0,0.0,0.0,0.0,0.0,0.0,15893.0,4647.0,2805.0,2165.0,1904.0,1506.0,1263.0,1035.0,962.0,849.0,741.0,725.0,620.0,578.0,543.0,539.0,544.0,509.0
42,439.0,459.0,491.0,511.0,582.0,633.0,674.0,738.0,846.0,946.0,1064.0,1262.0,1665.0,1823.0,2398.0,3229.0,5146.0,0.0,0.0,0.0,0.0,0.0,0.0,15761.0,5037.0,2794.0,2115.0,1954.0,1475.0,1242.0,1068.0,971.0,831.0,759.0,734.0,642.0,580.0,566.0,512.0,509.0,501.0
43,482.0,460.0,481.0,537.0,578.0,643.0,678.0,749.0,910.0,936.0,1039.0,1282.0,1572.0,1747.0,2461.0,3359.0,4984.0,0.0,0.0,0.0,0.0,0.0,0.0,18624.0,4828.0,2917.0,2099.0,1922.0,1446.0,1274.0,1043.0,1001.0,817.0,746.0,738.0,618.0,572.0,543.0,523.0,515.0,482.0
44,439.0,459.0,499.0,537.0,594.0,617.0,696.0,756.0,818.0,919.0,1168.0,1267.0,1532.0,1847.0,2358.0,3386.0,4895.0,0.0,0.0,0.0,0.0,0.0,0.0,13878.0,5051.0,3055.0,2172.0,1922.0,1422.0,1269.0,1019.0,985.0,829.0,783.0,729.0,621.0,569.0,573.0,540.0,487.0,490.0
45,484.0,448.0,503.0,574.0,592.0,629.0,673.0,813.0,832.0,939.0,1059.0,1229.0,1564.0,1749.0,2570.0,3324.0,4930.0,0.0,0.0,0.0,0.0,0.0,0.0,13952.0,4714.0,2764.0,2291.0,2006.0,1424.0,1253.0,1031.0,972.0,831.0,776.0,767.0,643.0,583.0,552.0,520.0,497.0,491.0
46,440.0,448.0,503.0,529.0,599.0,675.0,662.0,730.0,818.0,961.0,1086.0,1244.0,1587.0,1719.0,2526.0,3553.0,5091.0,0.0,0.0,0.0,0.0,0.0,0.0,12649.0,4549.0,2830.0,2101.0,2092.0,1417.0,1235.0,1036.0,981.0,816.0,763.0,759.0,620.0,635.0,545.0,511.0,494.0,507.0
47,484.0,450.0,535.0,524.0,581.0,617.0,669.0,762.0,915.0,954.0,1062.0,1269.0,1522.0,1757.0,2472.0,3437.0,5395.0,0.0,0.0,0.0,0.0,0.0,0.0,18410.0,4625.0,2785.0,2171.0,1894.0,1458.0,1275.0,1019.0,1016.0,906.0,748.0,743.0,626.0,596.0,566.0,529.0,498.0,489.0
48,440.0,466.0,494.0,513.0,595.0,629.0,680.0,746.0,821.0,929.0,1181.0,1263.0,1640.0,1779.0,2512.0,3268.0,5240.0,0.0,0.0,0.0,0.0,0.0,0.0,13478.0,4971.0,2751.0,2160.0,1931.0,1431.0,1270.0,1134.0,991.0,811.0,744.0,727.0,613.0,573.0,554.0,509.0,539.0,481.0
49,483.0,468.0,511.0,533.0,578.0,608.0,658.0,766.0,863.0,934.0,1056.0,1234.0,1594.0,1687.0,2505.0,3443.0,5370.0,0.0,0.0,0.0,0.0,0.0,0.0,15638.0,5242.0,2937.0,2163.0,1893.0,1472.0,1256.0,1019.0,964.0,827.0,758.0,725.0,609.0,580.0,573.0,516.0,506.0,501.0
50,446.0,465.0,493.0,517.0,590.0,618.0,665.0,750.0,849.0,949.0,1065.0,1251.0,1610.0,1778.0,2363.0,3571.0,4939.0,0.0,0.0,0.0,0.0,0.0,0.0,13663.0,5032.0,3108.0,2249.0,1899.0,1468.0,1243.0,1040.0,974.0,816.0,786.0,742.0,628.0,581.0,552.0,520.0,484.0,507.0
51,459.0,450.0,480.0,518.0,587.0,601.0,679.0,728.0,836.0,939.0,1041.0,1273.0,1678.0,1698.0,2471.0,3361.0,4943.0,0.0,0.0,0.0,0.0,0.0,0.0,16165.0,4839.0,2823.0,2366.0,1960.0,1465.0,1277.0,1022.0,1006.0,859.0,786.0,773.0,615.0,572.0,573.0,563.0,503.0,478.0
52,447.0,466.0,481.0,540.0,604.0,608.0,659.0,816.0,840.0,922.0,1173.0,1257.0,1690.0,1689.0,2306.0,3611.0,5105.0,0.0,0.0,0.0,0.0,0.0,0.0,13569.0,4622.0,2890.0,2130.0,2074.0,1451.0,1268.0,1140.0,982.0,848.0,781.0,777.0,612.0,571.0,539.0,526.0,485.0,479.0
53,461.0,447.0,498.0,520.0,585.0,613.0,663.0,746.0,862.0,939.0,1061.0,1226.0,1592.0,1753.0,2252.0,3389.0,4943.0,0.0,0.0,0.0,0.0,0.0,0.0,18773.0,4545.0,2863.0,2197.0,1890.0,1434.0,1248.0,1019.0,962.0,836.0,765.0,773.0,627.0,586.0,550.0,532.0,497.0,488.0
54,447.0,451.0,484.0,510.0,610.0,617.0,669.0,765.0,843.0,963.0,1089.0,1241.0,1660.0,1802.0,2332.0,3249.0,4891.0,0.0,0.0,0.0,0.0,0.0,0.0,16057.0,4798.0,2890.0,2159.0,1953.0,1435.0,1235.0,1038.0,975.0,860.0,750.0,753.0,686.0,638.0,599.0,503.0,497.0,491.0
55,461.0,496.0,501.0,536.0,574.0,631.0,682.0,777.0,829.0,954.0,1064.0,1258.0,1558.0,1726.0,2413.0,3342.0,4760.0,0.0,0.0,0.0,0.0,0.0,0.0,18993.0,4577.0,3050.0,2144.0,1929.0,1433.0,1276.0,1020.0,1008.0,858.0,745.0,820.0,641.0,596.0,562.0,515.0,514.0,505.0
56,448.0,451.0,532.0,534.0,597.0,611.0,730.0,769.0,835.0,925.0,1183.0,1251.0,1527.0,1838.0,2369.0,3333.0,4763.0,0.0,0.0,0.0,0.0,0.0,0.0,13800.0,4961.0,3220.0,2204.0,1916.0,1473.0,1274.0,1134.0,980.0,848.0,759.0,729.0,629.0,572.0,569.0,531.0,497.0,488.0
57,445.0,493.0,490.0,567.0,640.0,616.0,667.0,744.0,853.0,931.0,1054.0,1227.0,1568.0,1754.0,2536.0,3182.0,5010.0,0.0,0.0,0.0,0.0,0.0,0.0,16559.0,4797.0,2886.0,2297.0,1990.0,1437.0,1263.0,1017.0,959.0,830.0,785.0,745.0,684.0,601.0,539.0,518.0,492.0,480.0
58,445.0,455.0,509.0,524.0,593.0,605.0,680.0,731.0,870.0,948.0,1064.0,1244.0,1604.0,1728.0,2434.0,3451.0,5126.0,0.0,0.0,0.0,0.0,0.0,0.0,12606.0,4731.0,2912.0,2095.0,2079.0,1386.0,1251.0,1034.0,974.0,815.0,783.0,769.0,637.0,581.0,554.0,563.0,512.0,500.0
59,443.0,468.0,491.0,521.0,574.0,632.0,728.0,738.0,864.0,942.0,1051.0,1268.0,1547.0,1769.0,2372.0,3339.0,5344.0,0.0,0.0,0.0,0.0,0.0,0.0,18199.0,4739.0,2860.0,2158.0,1874.0,1513.0,1279.0,1014.0,1004.0,828.0,778.0,744.0,611.0,603.0,602.0,529.0,521.0,506.0
60,443.0,454.0,479.0,512.0,578.0,638.0,665.0,746.0,845.0,928.0,1188.0,1265.0,1656.0,1782.0,2414.0,3237.0,5006.0,0.0,0.0,0.0,0.0,0.0,0.0,13757.0,4904.0,2818.0,2132.0,1914.0,1356.0,1264.0,1124.0,982.0,852.0,763.0,766.0,644.0,572.0,565.0,536.0,492.0,477.0
61,444.0,466.0,504.0,530.0,579.0,601.0,679.0,763.0,852.0,947.0,1073.0,1231.0,1601.0,1696.0,2412.0,3390.0,5213.0,0.0,0.0,0.0,0.0,0.0,0.0,18184.0,5057.0,2999.0,2123.0,1877.0,1401.0,1243.0,1004.0,965.0,833.0,835.0,734.0,641.0,587.0,572.0,508.0,504.0,477.0
62,442.0,451.0,502.0,512.0,583.0,623.0,727.0,777.0,866.0,960.0,1091.0,1242.0,1584.0,1803.0,2276.0,3415.0,4883.0,0.0,0.0,0.0,0.0,0.0,0.0,15246.0,4835.0,3179.0,2191.0,1890.0,1415.0,1222.0,1027.0,979.0,909.0,744.0,820.0,616.0,638.0,551.0,519.0,519.0,485.0
63,443.0,451.0,485.0,516.0,571.0,670.0,664.0,732.0,819.0,945.0,1063.0,1263.0,1624.0,1734.0,2372.0,3213.0,4966.0,0.0,0.0,0.0,0.0,0.0,0.0,17154.0,4636.0,2866.0,2299.0,1954.0,1402.0,1248.0,1013.0,1009.0,814.0,764.0,766.0,649.0,597.0,557.0,534.0,502.0,488.0
64,434.0,451.0,487.0,541.0,599.0,614.0,680.0,743.0,833.0,913.0,1184.0,1266.0,1633.0,1729.0,2249.0,3427.0,5149.0,0.0,0.0,0.0,0.0,0.0,0.0,13770.0,4394.0,2932.0,2082.0,2058.0,1475.0,1242.0,1128.0,984.0,833.0,789.0,753.0,644.0,573.0,607.0,516.0,548.0,502.0
65,434.0,450.0,534.0,522.0,639.0,625.0,691.0,746.0,820.0,918.0,1056.0,1251.0,1532.0,1800.0,2222.0,3315.0,5039.0,0.0,0.0,0.0,0.0,0.0,0.0,19749.0,4299.0,2900.0,2156.0,1874.0,1477.0,1236.0,1010.0,965.0,822.0,759.0,736.0,648.0,605.0,569.0,507.0,515.0,483.0
66,434.0,442.0,494.0,509.0,585.0,605.0,653.0,737.0,920.0,933.0,1067.0,1265.0,1605.0,1856.0,2293.0,3287.0,5130.0,0.0,0.0,0.0,0.0,0.0,0.0,17840.0,4643.0,2901.0,2119.0,1934.0,1448.0,1226.0,1031.0,980.0,910.0,785.0,747.0,626.0,598.0,547.0,526.0,521.0,474.0
67,432.0,439.0,491.0,537.0,572.0,617.0,681.0,754.0,825.0,927.0,1045.0,1283.0,1518.0,1774.0,2370.0,3328.0,5019.0,0.0,0.0,0.0,0.0,0.0,0.0,22220.0,4583.0,3031.0,2104.0,1894.0,1423.0,1259.0,1013.0,1007.0,812.0,772.0,748.0,629.0,604.0,557.0,504.0,495.0,495.0
68,435.0,441.0,490.0,538.0,581.0,601.0,688.0,765.0,838.0,915.0,1173.0,1271.0,1494.0,1867.0,2286.0,3259.0,4981.0,0.0,0.0,0.0,0.0,0.0,0.0,12576.0,5041.0,3150.0,2175.0,1880.0,1421.0,1258.0,1069.0,984.0,837.0,840.0,736.0,652.0,582.0,557.0,512.0,508.0,500.0
69,432.0,438.0,476.0,574.0,586.0,611.0,650.0,820.0,819.0,932.0,1057.0,1240.0,1554.0,1759.0,2446.0,3176.0,5033.0,0.0,0.0,0.0,0.0,0.0,0.0,13767.0,4829.0,2843.0,2299.0,1952.0,1444.0,1249.0,1067.0,971.0,864.0,750.0,774.0,628.0,586.0,549.0,516.0,524.0,492.0
70,434.0,440.0,501.0,527.0,589.0,614.0,680.0,735.0,829.0,947.0,1085.0,1249.0,1600.0,1717.0,2364.0,3390.0,5274.0,0.0,0.0,0.0,0.0,0.0,0.0,13167.0,4751.0,2893.0,2124.0,2050.0,1485.0,1230.0,1058.0,984.0,862.0,770.0,764.0,628.0,572.0,570.0,558.0,507.0,473.0
71,449.0,457.0,499.0,522.0,576.0,617.0,692.0,766.0,836.0,932.0,1063.0,1260.0,1587.0,1748.0,2312.0,3308.0,5533.0,0.0,0.0,0.0,0.0,0.0,0.0,18690.0,4865.0,2885.0,2192.0,1858.0,1475.0,1259.0,1089.0,1015.0,850.0,789.0,748.0,652.0,594.0,558.0,521.0,556.0,482.0
72,453.0,461.0,485.0,513.0,601.0,630.0,653.0,747.0,858.0,902.0,1180.0,1251.0,1730.0,1770.0,2380.0,3290.0,5201.0,0.0,0.0,0.0,0.0,0.0,0.0,13229.0,5106.0,2872.0,2163.0,1903.0,1439.0,1247.0,1080.0,991.0,834.0,785.0,733.0,617.0,582.0,576.0,527.0,521.0,482.0
73,450.0,456.0,487.0,533.0,610.0,612.0,680.0,768.0,842.0,910.0,1050.0,1228.0,1617.0,1687.0,2401.0,3381.0,5295.0,0.0,0.0,0.0,0.0,0.0,0.0,14217.0,5087.0,3094.0,2146.0,1863.0,1604.0,1225.0,1062.0,974.0,856.0,780.0,728.0,633.0,600.0,556.0,499.0,528.0,499.0
74,452.0,459.0,510.0,515.0,587.0,642.0,690.0,754.0,835.0,931.0,1065.0,1249.0,1552.0,1800.0,2287.0,3388.0,5027.0,0.0,0.0,0.0,0.0,0.0,0.0,12832.0,4733.0,3259.0,2213.0,1867.0,1465.0,1199.0,1039.0,990.0,822.0,765.0,744.0,619.0,594.0,579.0,509.0,500.0,481.0
75,448.0,456.0,496.0,515.0,598.0,605.0,652.0,735.0,840.0,930.0,1048.0,1280.0,1542.0,1736.0,2408.0,3181.0,5231.0,0.0,0.0,0.0,0.0,0.0,0.0,15230.0,4538.0,2952.0,2328.0,1931.0,1516.0,1228.0,1058.0,1019.0,848.0,835.0,773.0,615.0,601.0,547.0,506.0,511.0,525.0
76,452.0,441.0,494.0,539.0,581.0,630.0,662.0,822.0,858.0,915.0,1183.0,1277.0,1564.0,1740.0,2294.0,3383.0,5450.0,0.0,0.0,0.0,0.0,0.0,0.0,12721.0,4352.0,3067.0,2123.0,2037.0,1479.0,1225.0,1052.0,994.0,829.0,749.0,771.0,632.0,578.0,558.0,511.0,527.0,494.0
77,448.0,457.0,484.0,520.0,591.0,636.0,670.0,750.0,867.0,927.0,1062.0,1243.0,1530.0,1808.0,2261.0,3246.0,5241.0,0.0,0.0,0.0,0.0,0.0,0.0,15362.0,4316.0,3045.0,2186.0,1853.0,1525.0,1209.0,1046.0,971.0,815.0,773.0,764.0,619.0,583.0,605.0,555.0,511.0,475.0
78,451.0,441.0,482.0,508.0,587.0,600.0,686.0,765.0,860.0,938.0,1082.0,1251.0,1489.0,1848.0,2343.0,3180.0,5222.0,0.0,0.0,0.0,0.0,0.0,0.0,14246.0,4669.0,3000.0,2142.0,1885.0,1612.0,1191.0,1036.0,978.0,826.0,793.0,746.0,616.0,569.0,566.0,518.0,503.0,493.0
79,448.0,457.0,508.0,534.0,606.0,633.0,659.0,776.0,843.0,923.0,1061.0,1276.0,1476.0,1753.0,2392.0,3300.0,5149.0,0.0,0.0,0.0,0.0,0.0,0.0,14799.0,4543.0,3078.0,2126.0,1843.0,1459.0,1226.0,1067.0,1009.0,827.0,790.0,815.0,634.0,592.0,575.0,524.0,522.0,474.0
80,452.0,442.0,507.0,533.0,586.0,680.0,663.0,771.0,858.0,898.0,1182.0,1279.0,1530.0,1856.0,2322.0,3334.0,5058.0,0.0,0.0,0.0,0.0,0.0,0.0,12384.0,5009.0,3193.0,2212.0,1845.0,1534.0,1222.0,1063.0,989.0,816.0,786.0,730.0,691.0,581.0,553.0,495.0,502.0,471.0
81,448.0,444.0,541.0,569.0,611.0,622.0,680.0,749.0,876.0,908.0,1055.0,1258.0,1568.0,1773.0,2496.0,3118.0,5122.0,0.0,0.0,0.0,0.0,0.0,0.0,15082.0,4873.0,2901.0,2335.0,1934.0,1502.0,1209.0,1050.0,976.0,908.0,770.0,752.0,644.0,598.0,561.0,508.0,512.0,483.0
82,435.0,488.0,491.0,524.0,575.0,632.0,659.0,739.0,866.0,931.0,1073.0,1276.0,1542.0,1740.0,2407.0,3295.0,5254.0,0.0,0.0,0.0,0.0,0.0,0.0,13160.0,4821.0,2979.0,2153.0,2028.0,1565.0,1196.0,1029.0,995.0,817.0,843.0,777.0,632.0,594.0,609.0,524.0,516.0,482.0
83,450.0,443.0,514.0,520.0,598.0,611.0,663.0,749.0,843.0,927.0,1058.0,1294.0,1675.0,1771.0,2359.0,3210.0,5388.0,0.0,0.0,0.0,0.0,0.0,0.0,22725.0,4740.0,3019.0,2224.0,1830.0,1655.0,1236.0,1003.0,1031.0,834.0,757.0,746.0,690.0,599.0,569.0,510.0,529.0,485.0
84,437.0,487.0,496.0,508.0,642.0,626.0,678.0,757.0,814.0,911.0,1188.0,1277.0,1496.0,1785.0,2411.0,3119.0,4901.0,0.0,0.0,0.0,0.0,0.0,0.0,15581.0,4818.0,2962.0,2198.0,1884.0,1476.0,1233.0,1020.0,1008.0,821.0,774.0,770.0,645.0,577.0,545.0,551.0,512.0,527.0
85,453.0,444.0,486.0,528.0,592.0,607.0,653.0,768.0,910.0,920.0,1064.0,1243.0,1544.0,1719.0,2412.0,3262.0,5037.0,0.0,0.0,0.0,0.0,0.0,0.0,20975.0,4927.0,3106.0,2200.0,1860.0,1553.0,1220.0,1052.0,983.0,862.0,801.0,741.0,633.0,581.0,554.0,518.0,505.0,482.0
86,434.0,488.0,488.0,512.0,575.0,618.0,659.0,780.0,819.0,932.0,1081.0,1250.0,1571.0,1863.0,2275.0,3322.0,4787.0,0.0,0.0,0.0,0.0,0.0,0.0,16978.0,4716.0,3247.0,2301.0,1879.0,1525.0,1204.0,1031.0,992.0,851.0,799.0,825.0,690.0,566.0,553.0,524.0,524.0,475.0
87,450.0,450.0,508.0,513.0,579.0,628.0,680.0,739.0,838.0,918.0,1057.0,1271.0,1492.0,1807.0,2388.0,3161.0,4940.0,0.0,0.0,0.0,0.0,0.0,0.0,19295.0,4603.0,2942.0,2464.0,1935.0,1577.0,1236.0,1014.0,1023.0,833.0,793.0,767.0,645.0,587.0,544.0,497.0,503.0,492.0
88,435.0,466.0,492.0,538.0,581.0,608.0,659.0,754.0,826.0,896.0,1183.0,1266.0,1656.0,1788.0,2292.0,3461.0,5149.0,0.0,0.0,0.0,0.0,0.0,0.0,13951.0,4420.0,3024.0,2233.0,2018.0,1658.0,1227.0,1024.0,993.0,858.0,774.0,756.0,621.0,578.0,565.0,508.0,511.0,500.0
89,451.0,452.0,495.0,519.0,585.0,639.0,660.0,763.0,923.0,905.0,1061.0,1240.0,1563.0,1824.0,2284.0,3282.0,5049.0,0.0,0.0,0.0,0.0,0.0,0.0,19367.0,4384.0,2951.0,2265.0,1822.0,1516.0,1212.0,1050.0,977.0,858.0,763.0,735.0,652.0,598.0,554.0,524.0,514.0,472.0
90,432.0,465.0,544.0,508.0,573.0,623.0,672.0,752.0,822.0,928.0,1079.0,1256.0,1521.0,1848.0,2356.0,3160.0,5221.0,0.0,0.0,0.0,0.0,0.0,0.0,18008.0,4813.0,2924.0,2204.0,1857.0,1567.0,1199.0,1024.0,1000.0,851.0,762.0,743.0,648.0,593.0,572.0,511.0,558.0,472.0
91,449.0,452.0,502.0,535.0,600.0,628.0,646.0,761.0,854.0,925.0,1056.0,1274.0,1570.0,1759.0,2399.0,3238.0,5184.0,0.0,0.0,0.0,0.0,0.0,0.0,24448.0,4787.0,3101.0,2180.0,1833.0,1544.0,1240.0,1003.0,1033.0,830.0,777.0,743.0,620.0,599.0,552.0,553.0,523.0,482.0
92,435.0,450.0,497.0,536.0,639.0,644.0,650.0,768.0,837.0,909.0,1173.0,1256.0,1494.0,1867.0,2293.0,3253.0,5176.0,0.0,0.0,0.0,0.0,0.0,0.0,14000.0,5270.0,3268.0,2261.0,1833.0,1505.0,1240.0,1002.0,1011.0,814.0,765.0,730.0,651.0,576.0,543.0,519.0,527.0,485.0
93,436.0,449.0,488.0,571.0,583.0,621.0,670.0,826.0,829.0,921.0,1049.0,1221.0,1582.0,1781.0,2444.0,3174.0,5121.0,0.0,0.0,0.0,0.0,0.0,0.0,17085.0,4976.0,2970.0,2355.0,1909.0,1505.0,1225.0,1026.0,992.0,823.0,804.0,764.0,645.0,583.0,541.0,525.0,500.0,496.0
94,479.0,450.0,506.0,526.0,570.0,647.0,651.0,750.0,844.0,936.0,1065.0,1239.0,1570.0,1755.0,2358.0,3370.0,5222.0,0.0,0.0,0.0,0.0,0.0,0.0,15748.0,4831.0,3002.0,2130.0,1994.0,1519.0,1206.0,1012.0,1008.0,847.0,790.0,755.0,617.0,572.0,555.0,498.0,509.0,478.0
95,436.0,449.0,508.0,521.0,576.0,611.0,654.0,789.0,870.0,922.0,1048.0,1272.0,1515.0,1788.0,2308.0,3275.0,5511.0,0.0,0.0,0.0,0.0,0.0,0.0,37816.0,4864.0,2961.0,2179.0,1804.0,1573.0,1234.0,1130.0,1038.0,812.0,775.0,743.0,627.0,571.0,572.0,509.0,506.0,523.0
96,479.0,441.0,508.0,512.0,581.0,640.0,670.0,773.0,850.0,896.0,1175.0,1272.0,1508.0,1813.0,2381.0,3225.0,5256.0,0.0,0.0,0.0,0.0,0.0,0.0,0.0,5076.0,2945.0,2137.0,1865.0,1545.0,1231.0,1013.0,1012.0,901.0,761.0,726.0,627.0,586.0,567.0,527.0,510.0,490.0
97,436.0,443.0,540.0,533.0,584.0,650.0,648.0,760.0,832.0,902.0,1051.0,1249.0,1469.0,1737.0,2386.0,3381.0,5359.0,0.0,0.0,0.0,0.0,0.0,0.0,21809.0,5149.0,3159.0,2135.0,1840.0,1541.0,1223.0,1032.0,996.0,807.0,772.0,721.0,650.0,639.0,571.0,508.0,551.0,495.0
98,479.0,439.0,497.0,517.0,570.0,614.0,654.0,771.0,838.0,921.0,1066.0,1271.0,1554.0,1848.0,2243.0,3474.0,4979.0,0.0,0.0,0.0,0.0,0.0,0.0,26417.0,4868.0,3338.0,2200.0,1862.0,1594.0,1213.0,1017.0,1012.0,825.0,771.0,736.0,627.0,598.0,539.0,501.0,519.0,487.0
99,436.0,443.0,513.0,519.0,595.0,641.0,677.0,779.0,845.0,918.0,1038.0,1294.0,1481.0,1773.0,2353.0,3201.0,5176.0,0.0,0.0,0.0,0.0,0.0,0.0,17939.0,4688.0,3018.0,2317.0,1929.0,1597.0,1252.0,1133.0,1041.0,815.0,757.0,761.0,627.0,575.0,555.0,521.0,526.0,469.0
100,480.0,461.0,494.0,544.0,604.0,685.0,656.0,839.0,865.0,902.0,1160.0,1277.0,1503.0,1750.0,2260.0,3325.0,5447.0,0.0,0.0,0.0,0.0,0.0,0.0,28652.0,4554.0,3082.0,2111.0,2018.0,1525.0,1254.0,1018.0,1018.0,859.0,794.0,758.0,652.0,584.0,603.0,528.0,498.0,468.0
101,438.0,464.0,482.0,526.0,585.0,628.0,644.0,757.0,863.0,914.0,1045.0,1247.0,1502.0,1795.0,2260.0,3198.0,5297.0,0.0,0.0,0.0,0.0,0.0,0.0,19268.0,4568.0,3029.0,2179.0,1833.0,1602.0,1234.0,1040.0,1004.0,851.0,784.0,750.0,628.0,586.0,566.0,499.0,505.0,479.0
102,481.0,462.0,485.0,536.0,594.0,642.0,651.0,771.0,851.0,930.0,1069.0,1260.0,1536.0,1821.0,2356.0,3113.0,5208.0,0.0,0.0,0.0,0.0,0.0,0.0,37955.0,4955.0,3013.0,2150.0,1872.0,1578.0,1212.0,1022.0,1019.0,839.0,771.0,732.0,628.0,578.0,572.0,510.0,521.0,478.0
103,438.0,468.0,504.0,522.0,574.0,685.0,662.0,774.0,862.0,917.0,1050.0,1285.0,1562.0,1736.0,2393.0,3272.0,5107.0,0.0,0.0,0.0,0.0,0.0,0.0,26559.0,4775.0,3155.0,2134.0,1852.0,1524.0,1241.0,1137.0,1054.0,863.0,752.0,796.0,618.0,576.0,552.0,527.0,510.0,480.0
104,458.0,468.0,488.0,523.0,581.0,625.0,642.0,759.0,876.0,894.0,1176.0,1282.0,1503.0,1851.0,2272.0,3377.0,5114.0,0.0,0.0,0.0,0.0,0.0,0.0,29876.0,5119.0,3257.0,2211.0,1855.0,1520.0,1236.0,1016.0,1029.0,864.0,762.0,742.0,614.0,594.0,558.0,510.0,554.0,494.0
105,444.0,450.0,489.0,547.0,579.0,636.0,653.0,770.0,821.0,909.0,1053.0,1262.0,1494.0,1772.0,2393.0,3252.0,5206.0,0.0,0.0,0.0,0.0,0.0,0.0,18948.0,4835.0,2917.0,2308.0,1927.0,1588.0,1222.0,1032.0,1012.0,850.0,761.0,727.0,632.0,649.0,608.0,504.0,520.0,476.0
106,459.0,465.0,537.0,528.0,597.0,682.0,665.0,781.0,831.0,932.0,1065.0,1281.0,1515.0,1735.0,2290.0,3420.0,5339.0,0.0,0.0,0.0,0.0,0.0,0.0,36194.0,4682.0,2910.0,2103.0,2021.0,1576.0,1199.0,1015.0,1005.0,830.0,748.0,709.0,617.0,607.0,569.0,524.0,526.0,467.0
107,448.0,498.0,495.0,516.0,596.0,629.0,644.0,842.0,814.0,932.0,1041.0,1288.0,1536.0,1771.0,2257.0,3304.0,5502.0,0.0,0.0,0.0,0.0,0.0,0.0,20953.0,4592.0,2886.0,2158.0,1837.0,1543.0,1232.0,1130.0,1025.0,815.0,785.0,718.0,614.0,584.0,546.0,504.0,499.0,488.0
108,462.0,453.0,492.0,542.0,603.0,611.0,651.0,761.0,915.0,915.0,1167.0,1269.0,1501.0,1791.0,2340.0,3158.0,5051.0,0.0,0.0,0.0,0.0,0.0,0.0,0.0,4686.0,2872.0,2116.0,1891.0,1543.0,1231.0,1014.0,1011.0,828.0,777.0,716.0,632.0,614.0,554.0,513.0,507.0,493.0
109,449.0,496.0,490.0,542.0,578.0,617.0,662.0,775.0,826.0,927.0,1053.0,1240.0,1477.0,1713.0,2394.0,3271.0,5153.0,0.0,0.0,0.0,0.0,0.0,0.0,0.0,4843.0,3043.0,2102.0,1841.0,1605.0,1213.0,1040.0,1129.0,856.0,764.0,740.0,618.0,607.0,557.0,517.0,523.0,485.0
110,463.0,451.0,477.0,581.0,592.0,627.0,648.0,779.0,839.0,942.0,1072.0,1260.0,1463.0,1821.0,2257.0,3375.0,4811.0,0.0,0.0,0.0,0.0,0.0,0.0,0.0,4735.0,3178.0,2154.0,1838.0,1691.0,1193.0,1021.0,1007.0,838.0,748.0,738.0,644.0,613.0,551.0,560.0,503.0,465.0
111,446.0,473.0,505.0,538.0,579.0,608.0,658.0,766.0,819.0,925.0,1052.0,1295.0,1481.0,1738.0,2380.0,3255.0,4833.0,0.0,0.0,0.0,0.0,0.0,0.0,0.0,4714.0,2847.0,2267.0,1897.0,1550.0,1226.0,1135.0,1029.0,824.0,744.0,728.0,632.0,590.0,576.0,512.0,550.0,463.0
112,448.0,460.0,505.0,535.0,590.0,639.0,669.0,778.0,822.0,904.0,1172.0,1305.0,1515.0,1720.0,2275.0,3421.0,5003.0,0.0,0.0,0.0,0.0,0.0,0.0,0.0,4566.0,2980.0,2067.0,1985.0,1599.0,1227.0,1015.0,1011.0,821.0,756.0,698.0,689.0,596.0,566.0,505.0,515.0,474.0
113,447.0,473.0,485.0,523.0,580.0,619.0,646.0,787.0,825.0,921.0,1046.0,1289.0,1575.0,1770.0,2236.0,3263.0,4972.0,0.0,0.0,0.0,0.0,0.0,0.0,0.0,4523.0,3030.0,2135.0,1815.0,1564.0,1213.0,1034.0,1123.0,838.0,782.0,776.0,643.0,583.0,584.0,522.0,521.0,473.0
114,448.0,455.0,487.0,546.0,593.0,623.0,651.0,805.0,845.0,943.0,1061.0,1298.0,1519.0,1813.0,2302.0,3164.0,5232.0,0.0,0.0,0.0,0.0,0.0,0.0,0.0,4954.0,3042.0,2113.0,1853.0,1518.0,1200.0,1022.0,1007.0,824.0,782.0,722.0,630.0,581.0,579.0,502.0,494.0,476.0
115,449.0,456.0,510.0,584.0,594.0,637.0,664.0,765.0,832.0,941.0,1047.0,1310.0,1505.0,1741.0,2338.0,3307.0,5111.0,0.0,0.0,0.0,0.0,0.0,0.0,0.0,4817.0,3168.0,2119.0,1820.0,1522.0,1235.0,1083.0,1031.0,917.0,779.0,708.0,685.0,599.0,583.0,511.0,506.0,488.0
116,438.0,458.0,497.0,539.0,603.0,618.0,647.0,777.0,826.0,927.0,1181.0,1291.0,1534.0,1846.0,2223.0,3336.0,5027.0,0.0,0.0,0.0,0.0,0.0,0.0,0.0,5221.0,3225.0,2230.0,1815.0,1598.0,1230.0,1071.0,1013.0,820.0,763.0,694.0,639.0,655.0,551.0,517.0,521.0,472.0
117,443.0,446.0,494.0,534.0,583.0,622.0,653.0,762.0,837.0,939.0,1068.0,1261.0,1529.0,1756.0,2354.0,3278.0,5036.0,0.0,0.0,0.0,0.0,0.0,0.0,0.0,4898.0,2881.0,2373.0,1881.0,1517.0,1212.0,1056.0,1131.0,839.0,832.0,690.0,617.0,614.0,565.0,559.0,503.0,515.0
118,442.0,448.0,484.0,523.0,592.0,608.0,665.0,767.0,852.0,952.0,1093.0,1282.0,1491.0,1724.0,2269.0,3515.0,5196.0,0.0,0.0,0.0,0.0,0.0,0.0,0.0,4667.0,2923.0,2171.0,1984.0,1544.0,1198.0,1092.0,1012.0,828.0,745.0,713.0,649.0,590.0,613.0,524.0,549.0,484.0
119,443.0,447.0,501.0,545.0,570.0,637.0,641.0,772.0,862.0,940.0,1069.0,1317.0,1460.0,1767.0,2254.0,3372.0,5420.0,0.0,0.0,0.0,0.0,0.0,0.0,0.0,4634.0,2921.0,2229.0,1809.0,1543.0,1234.0,1092.0,1041.0,870.0,763.0,737.0,645.0,620.0,576.0,529.0,515.0,464.0
120,439.0,472.0,506.0,531.0,581.0,648.0,648.0,788.0,848.0,917.0,1188.0,1318.0,1442.0,1787.0,2351.0,3252.0,5018.0,0.0,0.0,0.0,0.0,0.0,0.0,0.0,4890.0,2903.0,2171.0,1872.0,1602.0,1229.0,1079.0,1075.0,858.0,785.0,706.0,618.0,613.0,550.0,501.0,520.0,483.0
121,464.0,469.0,506.0,543.0,580.0,613.0,657.0,807.0,826.0,929.0,1054.0,1284.0,1470.0,1695.0,2379.0,3326.0,5128.0,0.0,0.0,0.0,0.0,0.0,0.0,0.0,5063.0,3022.0,2126.0,1839.0,1686.0,1215.0,1063.0,1076.0,846.0,758.0,706.0,650.0,623.0,557.0,511.0,492.0,490.0
122,461.0,472.0,536.0,538.0,594.0,639.0,673.0,805.0,840.0,947.0,1068.0,1287.0,1518.0,1792.0,2249.0,3432.0,4731.0,0.0,0.0,0.0,0.0,0.0,0.0,0.0,4836.0,3169.0,2170.0,1836.0,1547.0,1197.0,1096.0,1071.0,868.0,781.0,693.0,643.0,599.0,562.0,528.0,502.0,464.0
123,465.0,471.0,486.0,527.0,592.0,683.0,722.0,780.0,910.0,941.0,1054.0,1288.0,1565.0,1715.0,2387.0,3296.0,4941.0,0.0,0.0,0.0,0.0,0.0,0.0,0.0,4721.0,2862.0,2277.0,1901.0,1582.0,1229.0,1088.0,1052.0,868.0,747.0,726.0,618.0,598.0,550.0,508.0,517.0,464.0
124,462.0,454.0,509.0,550.0,598.0,626.0,661.0,762.0,820.0,922.0,1186.0,1271.0,1506.0,1703.0,2287.0,3488.0,5159.0,0.0,0.0,0.0,0.0,0.0,0.0,0.0,4619.0,2970.0,2065.0,1990.0,1555.0,1223.0,1070.0,1084.0,858.0,829.0,724.0,630.0,588.0,576.0,557.0,504.0,474.0
125,449.0,470.0,490.0,536.0,578.0,639.0,673.0,847.0,833.0,930.0,1072.0,1244.0,1490.0,1772.0,2265.0,3356.0,5119.0,0.0,0.0,0.0,0.0,0.0,0.0,0.0,4681.0,2917.0,2112.0,1809.0,1519.0,1206.0,1052.0,1081.0,847.0,773.0,697.0,634.0,585.0,565.0,521.0,544.0,474.0
126,465.0,499.0,490.0,539.0,591.0,687.0,719.0,768.0,814.0,944.0,1097.0,1267.0,1522.0,1813.0,2333.0,3206.0,5193.0,0.0,0.0,0.0,0.0,0.0,0.0,0.0,5098.0,2864.0,2065.0,1842.0,1528.0,1189.0,1080.0,1061.0,828.0,758.0,776.0,660.0,603.0,584.0,528.0,509.0,492.0
127,447.0,456.0,480.0,542.0,576.0,628.0,659.0,786.0,904.0,935.0,1081.0,1304.0,1540.0,1725.0,2387.0,3365.0,5077.0,0.0,0.0,0.0,0.0,0.0,0.0,0.0,4914.0,2974.0,2057.0,1809.0,1604.0,1223.0,1077.0,1043.0,842.0,740.0,726.0,637.0,656.0,559.0,501.0,515.0,479.0
128,463.0,503.0,499.0,530.0,584.0,638.0,673.0,800.0,807.0,916.0,1204.0,1299.0,1502.0,1816.0,2299.0,3424.0,5027.0,0.0,0.0,0.0,0.0,0.0,0.0,0.0,5281.0,3089.0,2170.0,1813.0,1512.0,1228.0,1068.0,1078.0,866.0,752.0,712.0,637.0,614.0,580.0,513.0,506.0,520.0
129,494.0,464.0,485.0,554.0,579.0,619.0,720.0,794.0,847.0,928.0,1069.0,1264.0,1465.0,1726.0,2474.0,3225.0,5105.0,0.0,0.0,0.0,0.0,0.0,0.0,0.0,5016.0,2825.0,2325.0,1883.0,1585.0,1218.0,1056.0,1071.0,846.0,753.0,696.0,661.0,601.0,549.0,529.0,485.0,476.0
130,446.0,475.0,503.0,541.0,597.0,632.0,659.0,779.0,834.0,947.0,1089.0,1268.0,1441.0,1688.0,2393.0,3370.0,5301.0,0.0,0.0,0.0,0.0,0.0,0.0,0.0,4928.0,2902.0,2153.0,1990.0,1545.0,1198.0,1092.0,1058.0,830.0,738.0,694.0,637.0,618.0,563.0,509.0,493.0,468.0
131,490.0,460.0,532.0,541.0,597.0,613.0,670.0,751.0,824.0,943.0,1080.0,1282.0,1463.0,1733.0,2349.0,3290.0,5546.0,0.0,0.0,0.0,0.0,0.0,0.0,0.0,4878.0,2906.0,2215.0,1806.0,1605.0,1228.0,1092.0,1045.0,844.0,775.0,716.0,636.0,614.0,617.0,503.0,498.0,486.0
132,446.0,457.0,490.0,543.0,606.0,619.0,719.0,835.0,833.0,923.0,1218.0,1271.0,1504.0,1767.0,2402.0,3210.0,5178.0,0.0,0.0,0.0,0.0,0.0,0.0,0.0,4987.0,2857.0,2163.0,1878.0,1684.0,1220.0,1080.0,1079.0,873.0,765.0,737.0,661.0,589.0,575.0,522.0,513.0,494.0
133,467.0,456.0,507.0,532.0,581.0,628.0,660.0,763.0,852.0,932.0,1098.0,1250.0,1557.0,1693.0,2468.0,3297.0,5436.0,0.0,0.0,0.0,0.0,0.0,0.0,0.0,5120.0,2960.0,2157.0,1859.0,1532.0,1208.0,1065.0,1074.0,850.0,751.0,710.0,636.0,598.0,552.0,502.0,495.0,466.0
134,452.0,457.0,489.0,552.0,591.0,607.0,672.0,787.0,828.0,948.0,1119.0,1285.0,1497.0,1801.0,2354.0,3339.0,5324.0,0.0,0.0,0.0,0.0,0.0,0.0,0.0,4976.0,3117.0,2235.0,1860.0,1576.0,1195.0,1092.0,1055.0,833.0,741.0,711.0,635.0,599.0,560.0,511.0,487.0,467.0
135,463.0,448.0,476.0,538.0,573.0,639.0,722.0,773.0,844.0,939.0,1090.0,1319.0,1486.0,1733.0,2497.0,3186.0,5580.0,0.0,0.0,0.0,0.0,0.0,0.0,0.0,4905.0,2836.0,2356.0,1915.0,1571.0,1237.0,1089.0,1039.0,825.0,744.0,698.0,659.0,622.0,563.0,513.0,504.0,476.0
136,451.0,447.0,479.0,548.0,584.0,621.0,659.0,795.0,829.0,915.0,1210.0,1304.0,1509.0,1747.0,2399.0,3344.0,5879.0,0.0,0.0,0.0,0.0,0.0,0.0,0.0,4674.0,2925.0,2126.0,1982.0,1535.0,1246.0,1077.0,1070.0,839.0,762.0,732.0,624.0,588.0,551.0,529.0,484.0,477.0
137,465.0,449.0,498.0,540.0,580.0,626.0,670.0,777.0,843.0,923.0,1080.0,1268.0,1534.0,1824.0,2363.0,3227.0,5545.0,0.0,0.0,0.0,0.0,0.0,0.0,0.0,4545.0,2866.0,2146.0,1781.0,1540.0,1230.0,1057.0,1064.0,828.0,748.0,724.0,639.0,606.0,573.0,510.0,483.0,493.0
138,451.0,466.0,481.0,529.0,595.0,639.0,720.0,748.0,864.0,942.0,1098.0,1282.0,1540.0,1862.0,2483.0,3130.0,5623.0,0.0,0.0,0.0,0.0,0.0,0.0,0.0,4898.0,2813.0,2102.0,1808.0,1617.0,1206.0,1087.0,1053.0,927.0,784.0,707.0,625.0,590.0,551.0,504.0,492.0,479.0
139,447.0,470.0,498.0,554.0,575.0,615.0,659.0,831.0,860.0,939.0,1081.0,1296.0,1455.0,1759.0,2570.0,3290.0,5461.0,0.0,0.0,0.0,0.0,0.0,0.0,0.0,4753.0,2945.0,2100.0,1771.0,1536.0,1236.0,1082.0,1037.0,830.0,771.0,769.0,622.0,613.0,580.0,524.0,508.0,520.0
140,447.0,467.0,530.0,537.0,601.0,641.0,674.0,758.0,843.0,916.0,1219.0,1282.0,1452.0,1835.0,2469.0,3327.0,5512.0,0.0,0.0,0.0,0.0,0.0,0.0,0.0,5216.0,3101.0,2201.0,1756.0,1616.0,1224.0,1063.0,1066.0,847.0,751.0,715.0,639.0,601.0,560.0,503.0,493.0,475.0
141,448.0,471.0,490.0,539.0,568.0,608.0,723.0,782.0,817.0,927.0,1101.0,1259.0,1449.0,1730.0,2627.0,3224.0,5639.0,0.0,0.0,0.0,0.0,0.0,0.0,0.0,4959.0,2853.0,2327.0,1793.0,1579.0,1200.0,1040.0,1060.0,836.0,735.0,703.0,628.0,658.0,583.0,512.0,534.0,468.0
142,446.0,468.0,506.0,541.0,591.0,639.0,646.0,795.0,910.0,941.0,1123.0,1278.0,1432.0,1690.0,2516.0,3401.0,6007.0,0.0,0.0,0.0,0.0,0.0,0.0,0.0,4818.0,2921.0,2124.0,1869.0,1540.0,1182.0,1066.0,1048.0,928.0,735.0,685.0,624.0,617.0,552.0,518.0,502.0,488.0
143,446.0,451.0,486.0,530.0,574.0,647.0,672.0,791.0,816.0,931.0,1097.0,1298.0,1521.0,1738.0,2452.0,3307.0,6397.0,0.0,0.0,0.0,0.0,0.0,0.0,0.0,4850.0,2876.0,2196.0,1695.0,1543.0,1220.0,1067.0,1024.0,828.0,751.0,683.0,642.0,590.0,566.0,562.0,508.0,497.0
144,439.0,469.0,474.0,552.0,584.0,609.0,679.0,774.0,828.0,907.0,1220.0,1284.0,1521.0,1777.0,2522.0,3282.0,6066.0,0.0,0.0,0.0,0.0,0.0,0.0,0.0,5116.0,2842.0,2184.0,1754.0,1616.0,1226.0,1062.0,1008.0,849.0,779.0,705.0,628.0,620.0,619.0,527.0,502.0,469.0
145,435.0,500.0,479.0,536.0,565.0,633.0,642.0,746.0,812.0,920.0,1092.0,1249.0,1478.0,1708.0,2540.0,3382.0,6378.0,0.0,0.0,0.0,0.0,0.0,0.0,0.0,5264.0,2949.0,2215.0,1736.0,1551.0,1214.0,1056.0,1018.0,877.0,774.0,728.0,623.0,598.0,580.0,532.0,481.0,472.0
146,436.0,456.0,499.0,536.0,594.0,675.0,674.0,829.0,908.0,941.0,1117.0,1255.0,1509.0,1830.0,2402.0,3470.0,5848.0,0.0,0.0,0.0,0.0,0.0,0.0,0.0,4927.0,3130.0,2305.0,1753.0,1625.0,1210.0,1100.0,1050.0,878.0,764.0,701.0,641.0,619.0,556.0,505.0,488.0,479.0
147,432.0,500.0,484.0,538.0,574.0,621.0,686.0,757.0,833.0,931.0,1113.0,1271.0,1426.0,1770.0,2587.0,3282.0,5875.0,0.0,0.0,0.0,0.0,0.0,0.0,0.0,4763.0,2831.0,2426.0,1822.0,1591.0,1258.0,1106.0,1027.0,864.0,746.0,701.0,698.0,597.0,567.0,514.0,489.0,480.0
148,437.0,460.0,503.0,530.0,602.0,636.0,646.0,778.0,854.0,910.0,1266.0,1266.0,1578.0,1762.0,2488.0,3494.0,5945.0,0.0,0.0,0.0,0.0,0.0,0.0,0.0,4652.0,2930.0,2200.0,1919.0,1548.0,1246.0,1093.0,1006.0,847.0,812.0,691.0,651.0,603.0,571.0,532.0,506.0,496.0
149,433.0,475.0,536.0,552.0,566.0,679.0,672.0,793.0,834.0,921.0,1138.0,1249.0,1404.0,1817.0,2456.0,3390.0,5839.0,0.0,0.0,0.0,0.0,0.0,0.0,0.0,4678.0,2930.0,2243.0,1751.0,1553.0,1226.0,1075.0,1018.0,873.0,728.0,727.0,638.0,591.0,560.0,510.0,489.0,478.0
150,435.0,459.0,494.0,535.0,590.0,618.0,679.0,786.0,822.0,936.0,1153.0,1269.0,1444.0,1839.0,2546.0,3271.0,5986.0,0.0,0.0,0.0,0.0,0.0,0.0,0.0,5094.0,2929.0,2222.0,1796.0,1638.0,1212.0,1106.0,1018.0,868.0,749.0,721.0,693.0,591.0,585.0,504.0,535.0,523.0
151,451.0,454.0,510.0,535.0,573.0,604.0,642.0,769.0,832.0,926.0,1118.0,1286.0,1473.0,1742.0,2618.0,3376.0,5839.0,0.0,0.0,0.0,0.0,0.0,0.0,0.0,4933.0,3113.0,2203.0,1764.0,1554.0,1248.0,1100.0,996.0,854.0,771.0,708.0,647.0,605.0,574.0,524.0,501.0,490.0
152,456.0,455.0,491.0,537.0,586.0,615.0,673.0,740.0,852.0,906.0,1247.0,1271.0,1462.0,1832.0,2540.0,3365.0,5931.0,0.0,0.0,0.0,0.0,0.0,0.0,0.0,5324.0,3215.0,2291.0,1746.0,1636.0,1243.0,1080.0,1114.0,839.0,740.0,772.0,635.0,659.0,594.0,531.0,505.0,470.0
153,451.0,455.0,479.0,529.0,569.0,628.0,684.0,823.0,866.0,920.0,1120.0,1243.0,1443.0,1736.0,2686.0,3221.0,5934.0,0.0,0.0,0.0,0.0,0.0,0.0,0.0,5040.0,2884.0,2406.0,1778.0,1611.0,1224.0,1064.0,994.0,823.0,760.0,719.0,692.0,615.0,589.0,501.0,497.0,488.0
154,454.0,448.0,482.0,549.0,599.0,607.0,647.0,754.0,863.0,938.0,1146.0,1254.0,1417.0,1702.0,2526.0,3428.0,6150.0,0.0,0.0,0.0,0.0,0.0,0.0,0.0,4931.0,2948.0,2197.0,1857.0,1584.0,1206.0,1099.0,1006.0,836.0,728.0,706.0,646.0,589.0,595.0,513.0,477.0,493.0
155,451.0,444.0,503.0,534.0,581.0,613.0,676.0,772.0,848.0,929.0,1138.0,1266.0,1421.0,1750.0,2434.0,3285.0,6344.0,0.0,0.0,0.0,0.0,0.0,0.0,0.0,4936.0,2936.0,2277.0,1681.0,1602.0,1235.0,1092.0,985.0,862.0,807.0,691.0,634.0,619.0,573.0,530.0,485.0,467.0
156,455.0,447.0,488.0,535.0,606.0,614.0,683.0,784.0,857.0,912.0,1280.0,1257.0,1441.0,1775.0,2489.0,3274.0,5988.0,0.0,0.0,0.0,0.0,0.0,0.0,0.0,5056.0,2922.0,2255.0,1729.0,1674.0,1227.0,1079.0,1088.0,844.0,754.0,687.0,689.0,613.0,578.0,511.0,486.0,476.0
157,450.0,445.0,489.0,559.0,572.0,620.0,646.0,780.0,871.0,926.0,1143.0,1238.0,1454.0,1699.0,2540.0,3415.0,6136.0,0.0,0.0,0.0,0.0,0.0,0.0,0.0,5148.0,3011.0,2264.0,1695.0,1594.0,1217.0,1068.0,968.0,825.0,742.0,705.0,645.0,616.0,566.0,502.0,501.0,476.0
158,453.0,470.0,538.0,527.0,596.0,641.0,678.0,753.0,860.0,942.0,1159.0,1261.0,1444.0,1828.0,2412.0,3409.0,5804.0,0.0,0.0,0.0,0.0,0.0,0.0,0.0,4955.0,3150.0,2340.0,1695.0,1667.0,1205.0,1102.0,986.0,838.0,726.0,725.0,619.0,593.0,586.0,520.0,484.0,478.0
159,451.0,464.0,496.0,549.0,639.0,621.0,689.0,737.0,839.0,932.0,1125.0,1291.0,1404.0,1771.0,2561.0,3187.0,5944.0,0.0,0.0,0.0,0.0,0.0,0.0,0.0,4860.0,2844.0,2462.0,1760.0,1620.0,1242.0,1099.0,972.0,843.0,736.0,696.0,652.0,592.0,565.0,499.0,530.0,492.0
160,435.0,469.0,493.0,532.0,589.0,622.0,651.0,746.0,813.0,913.0,1254.0,1276.0,1451.0,1766.0,2469.0,3266.0,6262.0,0.0,0.0,0.0,0.0,0.0,0.0,0.0,4648.0,2945.0,2234.0,1857.0,1574.0,1241.0,1087.0,1086.0,832.0,738.0,695.0,649.0,585.0,596.0,507.0,496.0,475.0
161,452.0,469.0,493.0,532.0,571.0,604.0,681.0,756.0,912.0,924.0,1128.0,1235.0,1392.0,1801.0,2451.0,3120.0,6000.0,0.0,0.0,0.0,0.0,0.0,0.0,0.0,4527.0,2955.0,2278.0,1699.0,1578.0,1227.0,1076.0,967.0,925.0,726.0,722.0,622.0,584.0,576.0,511.0,503.0,519.0
162,435.0,453.0,481.0,557.0,602.0,631.0,686.0,773.0,819.0,940.0,1159.0,1232.0,1561.0,1813.0,2623.0,3097.0,6166.0,0.0,0.0,0.0,0.0,0.0,0.0,0.0,4851.0,2951.0,2249.0,1744.0,1652.0,1217.0,1109.0,980.0,828.0,764.0,721.0,654.0,596.0,600.0,523.0,495.0,489.0
163,451.0,470.0,506.0,537.0,585.0,643.0,678.0,788.0,830.0,937.0,1145.0,1253.0,1402.0,1726.0,2722.0,3240.0,5895.0,0.0,0.0,0.0,0.0,0.0,0.0,0.0,4715.0,3121.0,2247.0,1704.0,1557.0,1255.0,1105.0,962.0,845.0,758.0,715.0,647.0,649.0,567.0,504.0,476.0,469.0
164,435.0,500.0,506.0,525.0,590.0,608.0,655.0,743.0,810.0,924.0,1276.0,1259.0,1438.0,1821.0,2586.0,3269.0,5795.0,0.0,0.0,0.0,0.0,0.0,0.0,0.0,5221.0,3196.0,2357.0,1695.0,1631.0,1251.0,1095.0,1061.0,828.0,740.0,684.0,619.0,606.0,583.0,496.0,484.0,488.0
165,452.0,456.0,489.0,531.0,578.0,632.0,661.0,749.0,902.0,937.0,1139.0,1239.0,1441.0,1731.0,2691.0,3104.0,5789.0,0.0,0.0,0.0,0.0,0.0,0.0,0.0,5022.0,2864.0,2505.0,1743.0,1608.0,1242.0,1085.0,939.0,919.0,808.0,718.0,627.0,582.0,570.0,514.0,486.0,495.0
166,435.0,502.0,492.0,532.0,602.0,674.0,676.0,752.0,822.0,950.0,1160.0,1255.0,1462.0,1705.0,2563.0,3298.0,5987.0,0.0,0.0,0.0,0.0,0.0,0.0,0.0,4906.0,2934.0,2293.0,1831.0,1588.0,1223.0,1114.0,959.0,821.0,723.0,707.0,625.0,610.0,593.0,493.0,502.0,468.0
167,451.0,463.0,514.0,556.0,642.0,618.0,653.0,741.0,844.0,940.0,1133.0,1275.0,1403.0,1756.0,2510.0,3242.0,6502.0,0.0,0.0,0.0,0.0,0.0,0.0,0.0,4945.0,2935.0,2371.0,1660.0,1617.0,1255.0,1112.0,948.0,842.0,742.0,694.0,648.0,588.0,581.0,502.0,484.0,478.0
168,435.0,476.0,495.0,537.0,589.0,632.0,655.0,755.0,830.0,921.0,1265.0,1263.0,1434.0,1794.0,2607.0,3226.0,6277.0,0.0,0.0,0.0,0.0,0.0,0.0,0.0,5175.0,2919.0,2323.0,1705.0,1693.0,1251.0,1101.0,1059.0,866.0,764.0,756.0,623.0,610.0,599.0,503.0,529.0,478.0
169,438.0,463.0,497.0,525.0,577.0,680.0,675.0,765.0,824.0,936.0,1139.0,1229.0,1438.0,1728.0,2627.0,3274.0,6429.0,0.0,0.0,0.0,0.0,0.0,0.0,0.0,5335.0,3028.0,2303.0,1677.0,1617.0,1226.0,1087.0,947.0,863.0,737.0,706.0,623.0,586.0,593.0,520.0,496.0,482.0
170,481.0,460.0,488.0,552.0,584.0,628.0,657.0,822.0,831.0,962.0,1166.0,1241.0,1421.0,1853.0,2478.0,3289.0,5907.0,0.0,0.0,0.0,0.0,0.0,0.0,0.0,4934.0,3238.0,2393.0,1687.0,1694.0,1207.0,1119.0,966.0,848.0,756.0,694.0,647.0,592.0,597.0,501.0,501.0,495.0
171,437.0,460.0,505.0,533.0,594.0,609.0,663.0,738.0,843.0,961.0,1143.0,1269.0,1517.0,1787.0,2641.0,3100.0,6047.0,0.0,0.0,0.0,0.0,0.0,0.0,0.0,4710.0,2969.0,2510.0,1761.0,1654.0,1246.0,1118.0,951.0,830.0,725.0,678.0,610.0,579.0,574.0,495.0,493.0,478.0
172,481.0,459.0,490.0,555.0,590.0,615.0,681.0,767.0,856.0,940.0,1277.0,1270.0,1516.0,1773.0,2546.0,3243.0,6323.0,0.0,0.0,0.0,0.0,0.0,0.0,0.0,4526.0,3067.0,2278.0,1868.0,1619.0,1238.0,1113.0,1051.0,853.0,809.0,674.0,627.0,602.0,578.0,515.0,473.0,523.0
173,438.0,452.0,512.0,535.0,606.0,626.0,657.0,748.0,845.0,946.0,1148.0,1241.0,1462.0,1832.0,2543.0,3172.0,6181.0,0.0,0.0,0.0,0.0,0.0,0.0,0.0,4643.0,3018.0,2325.0,1718.0,1623.0,1225.0,1102.0,938.0,822.0,756.0,693.0,613.0,591.0,627.0,497.0,472.0,491.0
174,481.0,449.0,546.0,522.0,609.0,608.0,660.0,765.0,827.0,959.0,1170.0,1248.0,1480.0,1862.0,2668.0,3124.0,6252.0,0.0,0.0,0.0,0.0,0.0,0.0,0.0,5310.0,2930.0,2313.0,1762.0,1690.0,1207.0,1133.0,960.0,848.0,744.0,712.0,613.0,645.0,588.0,496.0,481.0,494.0
175,437.0,451.0,502.0,550.0,619.0,615.0,677.0,748.0,842.0,946.0,1142.0,1267.0,1409.0,1771.0,2743.0,3241.0,5833.0,0.0,0.0,0.0,0.0,0.0,0.0,0.0,5242.0,3063.0,2317.0,1724.0,1585.0,1245.0,1130.0,946.0,833.0,728.0,683.0,635.0,605.0,566.0,505.0,498.0,487.0
176,480.0,468.0,498.0,546.0,584.0,619.0,658.0,728.0,908.0,926.0,1278.0,1261.0,1574.0,1868.0,2615.0,3231.0,5794.0,0.0,0.0,0.0,0.0,0.0,0.0,0.0,5608.0,3190.0,2438.0,1717.0,1655.0,1244.0,1113.0,1055.0,820.0,725.0,683.0,624.0,579.0,598.0,520.0,484.0,468.0
177,438.0,475.0,489.0,581.0,606.0,620.0,664.0,817.0,820.0,942.0,1151.0,1240.0,1408.0,1772.0,2745.0,3101.0,5832.0,0.0,0.0,0.0,0.0,0.0,0.0,0.0,5401.0,2920.0,2584.0,1767.0,1628.0,1225.0,1096.0,942.0,833.0,739.0,704.0,620.0,587.0,576.0,503.0,525.0,467.0
178,481.0,476.0,487.0,537.0,650.0,637.0,680.0,750.0,834.0,966.0,1175.0,1252.0,1451.0,1746.0,2610.0,3405.0,6119.0,0.0,0.0,0.0,0.0,0.0,0.0,0.0,5283.0,3026.0,2352.0,1860.0,1592.0,1212.0,1127.0,963.0,855.0,769.0,676.0,637.0,587.0,597.0,497.0,481.0,479.0
179,445.0,457.0,513.0,520.0,595.0,618.0,654.0,769.0,817.0,961.0,1152.0,1271.0,1481.0,1803.0,2563.0,3342.0,6345.0,0.0,0.0,0.0,0.0,0.0,0.0,0.0,5068.0,3006.0,2418.0,1683.0,1601.0,1251.0,1127.0,943.0,818.0,768.0,678.0,692.0,577.0,562.0,516.0,473.0,479.0
180,458.0,473.0,511.0,546.0,584.0,623.0,658.0,776.0,909.0,936.0,1287.0,1256.0,1470.0,1829.0,2660.0,3218.0,6018.0,0.0,0.0,0.0,0.0,0.0,0.0,0.0,4990.0,2941.0,2326.0,1723.0,1661.0,1242.0,1118.0,1045.0,906.0,761.0,667.0,649.0,575.0,579.0,494.0,493.0,481.0
181,444.0,506.0,545.0,545.0,590.0,610.0,676.0,769.0,811.0,938.0,1147.0,1226.0,1462.0,1749.0,2714.0,3289.0,6190.0,0.0,0.0,0.0,0.0,0.0,0.0,0.0,5035.0,3040.0,2295.0,1697.0,1582.0,1228.0,1105.0,936.0,810.0,741.0,704.0,637.0,590.0,632.0,495.0,500.0,495.0
182,457.0,460.0,496.0,581.0,591.0,636.0,657.0,744.0,848.0,950.0,1161.0,1247.0,1450.0,1875.0,2592.0,3305.0,5843.0,0.0,0.0,0.0,0.0,0.0,0.0,0.0,4794.0,3200.0,2382.0,1704.0,1666.0,1214.0,1137.0,959.0,828.0,806.0,700.0,695.0,640.0,593.0,506.0,473.0,476.0
183,444.0,505.0,520.0,537.0,597.0,643.0,646.0,731.0,831.0,942.0,1131.0,1275.0,1469.0,1806.0,2757.0,3170.0,6086.0,0.0,0.0,0.0,0.0,0.0,0.0,0.0,4791.0,2898.0,2489.0,1778.0,1637.0,1248.0,1135.0,945.0,822.0,719.0,669.0,651.0,596.0,569.0,523.0,475.0,468.0
184,456.0,465.0,500.0,535.0,616.0,608.0,653.0,745.0,820.0,928.0,1260.0,1272.0,1492.0,1800.0,2666.0,3342.0,6623.0,0.0,0.0,0.0,0.0,0.0,0.0,0.0,4709.0,2965.0,2245.0,1866.0,1601.0,1240.0,1115.0,1053.0,915.0,740.0,703.0,636.0,573.0,598.0,504.0,482.0,489.0
185,444.0,482.0,487.0,524.0,616.0,636.0,664.0,753.0,824.0,948.0,1130.0,1247.0,1515.0,1833.0,2624.0,3170.0,6320.0,0.0,0.0,0.0,0.0,0.0,0.0,0.0,4709.0,2914.0,2278.0,1700.0,1589.0,1219.0,1100.0,943.0,857.0,763.0,693.0,693.0,601.0,577.0,498.0,486.0,495.0
186,457.0,464.0,512.0,544.0,623.0,678.0,641.0,765.0,841.0,973.0,1154.0,1259.0,1451.0,1830.0,2762.0,3078.0,6361.0,0.0,0.0,0.0,0.0,0.0,0.0,0.0,5185.0,2852.0,2255.0,1747.0,1652.0,1209.0,1139.0,963.0,849.0,735.0,681.0,646.0,580.0,600.0,516.0,499.0,488.0
187,443.0,465.0,511.0,583.0,586.0,619.0,650.0,776.0,844.0,963.0,1132.0,1276.0,1482.0,1722.0,2819.0,3193.0,6227.0,0.0,0.0,0.0,0.0,0.0,0.0,0.0,5175.0,2998.0,2270.0,1718.0,1558.0,1243.0,1131.0,944.0,876.0,755.0,744.0,630.0,602.0,565.0,496.0,484.0,469.0
188,457.0,463.0,495.0,538.0,607.0,630.0,666.0,731.0,835.0,937.0,1263.0,1264.0,1489.0,1803.0,2674.0,3232.0,6466.0,0.0,0.0,0.0,0.0,0.0,0.0,0.0,5766.0,3129.0,2390.0,1717.0,1634.0,1238.0,1114.0,1047.0,874.0,723.0,698.0,649.0,569.0,580.0,496.0,477.0,469.0
189,443.0,453.0,497.0,537.0,651.0,676.0,646.0,742.0,820.0,942.0,1128.0,1244.0,1468.0,1704.0,2834.0,3122.0,6709.0,0.0,0.0,0.0,0.0,0.0,0.0,0.0,5428.0,2832.0,2519.0,1765.0,1607.0,1226.0,1101.0,938.0,864.0,760.0,686.0,643.0,582.0,629.0,507.0,495.0,479.0
190,440.0,456.0,519.0,525.0,597.0,621.0,654.0,752.0,833.0,956.0,1134.0,1277.0,1557.0,1676.0,2701.0,3300.0,6782.0,0.0,0.0,0.0,0.0,0.0,0.0,0.0,5035.0,2891.0,2251.0,1858.0,1565.0,1210.0,1126.0,954.0,848.0,754.0,748.0,615.0,634.0,588.0,523.0,499.0,495.0
191,440.0,474.0,503.0,543.0,585.0,608.0,665.0,746.0,899.0,946.0,1108.0,1302.0,1478.0,1717.0,2641.0,3165.0,7210.0,0.0,0.0,0.0,0.0,0.0,0.0,0.0,4919.0,2816.0,2298.0,1699.0,1574.0,1241.0,1116.0,936.0,872.0,744.0,667.0,646.0,594.0,563.0,504.0,492.0,481.0
192,442.0,477.0,503.0,525.0,590.0,616.0,643.0,759.0,810.0,932.0,1248.0,1288.0,1478.0,1755.0,2705.0,3113.0,6810.0,0.0,0.0,0.0,0.0,0.0,0.0,0.0,5020.0,2773.0,2245.0,1760.0,1647.0,1235.0,1098.0,1040.0,869.0,729.0,684.0,641.0,569.0,591.0,496.0,473.0,520.0
193,441.0,474.0,494.0,528.0,593.0,626.0,653.0,763.0,823.0,950.0,1124.0,1256.0,1465.0,1692.0,2725.0,3145.0,6727.0,0.0,0.0,0.0,0.0,0.0,0.0,0.0,5136.0,2890.0,2238.0,1744.0,1575.0,1221.0,1086.0,927.0,860.0,726.0,670.0,614.0,599.0,569.0,516.0,483.0,476.0
194,440.0,460.0,513.0,551.0,598.0,606.0,669.0,812.0,802.0,972.0,1149.0,1263.0,1431.0,1807.0,2607.0,3137.0,6067.0,0.0,0.0,0.0,0.0,0.0,0.0,0.0,4871.0,3077.0,2322.0,1749.0,1653.0,1209.0,1122.0,943.0,840.0,739.0,665.0,645.0,579.0,591.0,494.0,483.0,468.0
195,441.0,477.0,498.0,519.0,617.0,613.0,648.0,728.0,892.0,961.0,1127.0,1277.0,1518.0,1737.0,2803.0,3000.0,6126.0,0.0,0.0,0.0,0.0,0.0,0.0,0.0,4777.0,2794.0,2421.0,1810.0,1618.0,1242.0,1118.0,929.0,821.0,767.0,686.0,623.0,602.0,557.0,494.0,500.0,487.0
196,441.0,508.0,501.0,539.0,615.0,618.0,654.0,763.0,816.0,940.0,1254.0,1269.0,1525.0,1716.0,2692.0,3178.0,6601.0,0.0,0.0,0.0,0.0,0.0,0.0,0.0,4719.0,2835.0,2197.0,1893.0,1575.0,1236.0,1108.0,1033.0,831.0,763.0,707.0,647.0,569.0,574.0,504.0,482.0,493.0
197,443.0,463.0,522.0,522.0,621.0,622.0,665.0,747.0,842.0,947.0,1112.0,1253.0,1489.0,1758.0,2653.0,3116.0,6380.0,0.0,0.0,0.0,0.0,0.0,0.0,0.0,4871.0,2798.0,2266.0,1727.0,1576.0,1220.0,1095.0,928.0,854.0,755.0,683.0,623.0,585.0,624.0,521.0,527.0,485.0
198,432.0,483.0,504.0,527.0,584.0,640.0,643.0,767.0,830.0,965.0,1120.0,1280.0,1545.0,1771.0,2774.0,3049.0,6600.0,0.0,0.0,0.0,0.0,0.0,0.0,0.0,5502.0,2762.0,2274.0,1779.0,1645.0,1200.0,1122.0,949.0,834.0,738.0,684.0,624.0,569.0,583.0,503.0,495.0,466.0
199,435.0,469.0,500.0,550.0,606.0,619.0,653.0,747.0,821.0,963.0,1095.0,1311.0,1475.0,1671.0,2845.0,3162.0,6347.0,0.0,0.0,0.0,0.0,0.0,0.0,0.0,5280.0,2925.0,2283.0,1742.0,1553.0,1233.0,1115.0,935.0,909.0,802.0,712.0,650.0,588.0,557.0,495.0,500.0,465.0
200,434.0,484.0,494.0,528.0,651.0,624.0,668.0,720.0,827.0,959.0,1228.0,1295.0,1637.0,1749.0,2697.0,3185.0,6538.0,0.0,0.0,0.0,0.0,0.0,0.0,0.0,5452.0,3072.0,2370.0,1736.0,1630.0,1229.0,1103.0,1042.0,814.0,719.0,685.0,630.0,577.0,565.0,516.0,493.0,476.0
201,436.0,467.0,513.0,514.0,596.0,610.0,674.0,806.0,837.0,982.0,1110.0,1254.0,1530.0,1657.0,2769.0,3028.0,6285.0,0.0,0.0,0.0,0.0,0.0,0.0,0.0,5096.0,2808.0,2490.0,1801.0,1598.0,1218.0,1093.0,930.0,834.0,741.0,706.0,636.0,596.0,566.0,496.0,472.0,491.0
202,432.0,467.0,493.0,540.0,581.0,637.0,719.0,741.0,850.0,1002.0,1139.0,1266.0,1479.0,1641.0,2592.0,3210.0,6557.0,0.0,0.0,0.0,0.0,0.0,0.0,0.0,4896.0,2902.0,2249.0,1918.0,1561.0,1204.0,1125.0,951.0,823.0,729.0,679.0,623.0,575.0,559.0,498.0,473.0,477.0
203,435.0,459.0,495.0,541.0,586.0,646.0,655.0,762.0,844.0,990.0,1119.0,1287.0,1497.0,1708.0,2528.0,3127.0,6817.0,0.0,0.0,0.0,0.0,0.0,0.0,0.0,4809.0,2860.0,2314.0,1772.0,1573.0,1235.0,1117.0,935.0,916.0,740.0,715.0,622.0,597.0,558.0,507.0,482.0,517.0
204,435.0,457.0,545.0,574.0,586.0,608.0,668.0,775.0,828.0,963.0,1247.0,1280.0,1472.0,1754.0,2597.0,3109.0,6577.0,0.0,0.0,0.0,0.0,0.0,0.0,0.0,4891.0,2853.0,2265.0,1851.0,1641.0,1230.0,1106.0,1040.0,819.0,743.0,709.0,640.0,563.0,571.0,525.0,499.0,475.0
205,460.0,481.0,503.0,529.0,592.0,634.0,722.0,765.0,842.0,971.0,1108.0,1268.0,1619.0,1676.0,2684.0,3278.0,6686.0,0.0,0.0,0.0,0.0,0.0,0.0,0.0,5032.0,2966.0,2251.0,1845.0,1558.0,1214.0,1086.0,933.0,843.0,730.0,678.0,626.0,579.0,588.0,507.0,486.0,467.0
206,456.0,476.0,499.0,523.0,609.0,675.0,662.0,734.0,907.0,990.0,1117.0,1288.0,1470.0,1782.0,2599.0,3310.0,6317.0,0.0,0.0,0.0,0.0,0.0,0.0,0.0,4886.0,3116.0,2321.0,1840.0,1632.0,1195.0,1111.0,952.0,869.0,768.0,754.0,623.0,628.0,583.0,500.0,527.0,491.0
207,459.0,480.0,487.0,514.0,606.0,616.0,674.0,716.0,813.0,985.0,1089.0,1310.0,1527.0,1702.0,2793.0,3149.0,6495.0,0.0,0.0,0.0,0.0,0.0,0.0,0.0,4901.0,2838.0,2417.0,1915.0,1588.0,1227.0,1108.0,936.0,867.0,759.0,705.0,640.0,587.0,587.0,519.0,481.0,496.0
208,457.0,477.0,486.0,534.0,612.0,628.0,721.0,726.0,822.0,968.0,1217.0,1290.0,1552.0,1687.0,2693.0,3252.0,6834.0,0.0,0.0,0.0,0.0,0.0,0.0,0.0,4818.0,2929.0,2199.0,2014.0,1556.0,1216.0,1098.0,1038.0,856.0,748.0,690.0,624.0,564.0,564.0,500.0,473.0,489.0
209,461.0,460.0,512.0,518.0,589.0,672.0,656.0,735.0,804.0,979.0,1094.0,1246.0,1512.0,1738.0,2645.0,3160.0,6557.0,0.0,0.0,0.0,0.0,0.0,0.0,0.0,4757.0,2915.0,2256.0,1847.0,1557.0,1197.0,1086.0,925.0,844.0,736.0,751.0,620.0,592.0,566.0,507.0,493.0,466.0
210,458.0,463.0,512.0,519.0,602.0,615.0,671.0,756.0,900.0,996.0,1122.0,1250.0,1635.0,1752.0,2775.0,3217.0,6774.0,0.0,0.0,0.0,0.0,0.0,0.0,0.0,5159.0,2840.0,2244.0,1884.0,1620.0,1185.0,1119.0,946.0,863.0,732.0,669.0,635.0,571.0,551.0,510.0,500.0,466.0
211,444.0,511.0,543.0,544.0,648.0,601.0,724.0,812.0,829.0,987.0,1104.0,1269.0,1451.0,1662.0,2810.0,3414.0,6455.0,0.0,0.0,0.0,0.0,0.0,0.0,0.0,5014.0,2969.0,2257.0,1810.0,1525.0,1224.0,1114.0,929.0,859.0,746.0,687.0,689.0,593.0,573.0,525.0,473.0,477.0
212,461.0,471.0,500.0,524.0,596.0,607.0,664.0,727.0,853.0,966.0,1228.0,1267.0,1481.0,1749.0,2640.0,3474.0,6317.0,0.0,0.0,0.0,0.0,0.0,0.0,0.0,5409.0,3119.0,2362.0,1784.0,1591.0,1231.0,1102.0,1035.0,850.0,772.0,671.0,643.0,561.0,548.0,506.0,484.0,493.0
213,444.0,486.0,515.0,532.0,575.0,620.0,677.0,756.0,837.0,979.0,1091.0,1249.0,1496.0,1663.0,2800.0,3285.0,6372.0,0.0,0.0,0.0,0.0,0.0,0.0,0.0,5070.0,2846.0,2500.0,1829.0,1565.0,1223.0,1082.0,926.0,831.0,769.0,669.0,630.0,576.0,577.0,497.0,483.0,479.0
214,458.0,466.0,495.0,516.0,601.0,605.0,724.0,737.0,825.0,1002.0,1104.0,1271.0,1479.0,1647.0,2675.0,3486.0,6374.0,0.0,0.0,0.0,0.0,0.0,0.0,0.0,4762.0,2976.0,2265.0,1923.0,1529.0,1213.0,1113.0,945.0,815.0,762.0,688.0,685.0,626.0,556.0,518.0,488.0,519.0
215,488.0,469.0,482.0,517.0,584.0,637.0,660.0,760.0,828.0,999.0,1080.0,1298.0,1482.0,1696.0,2668.0,3428.0,6611.0,0.0,0.0,0.0,0.0,0.0,0.0,0.0,4733.0,2963.0,2325.0,1752.0,1542.0,1253.0,1109.0,930.0,828.0,745.0,711.0,639.0,585.0,548.0,497.0,500.0,474.0
216,446.0,469.0,484.0,543.0,611.0,618.0,677.0,749.0,844.0,987.0,1205.0,1286.0,1485.0,1733.0,2781.0,3328.0,6172.0,0.0,0.0,0.0,0.0,0.0,0.0,0.0,4914.0,2972.0,2281.0,1799.0,1609.0,1239.0,1096.0,1034.0,854.0,814.0,684.0,629.0,562.0,545.0,507.0,483.0,466.0
217,490.0,458.0,502.0,524.0,577.0,619.0,728.0,728.0,853.0,1002.0,1080.0,1244.0,1534.0,1659.0,2846.0,3377.0,6264.0,0.0,0.0,0.0,0.0,0.0,0.0,0.0,5166.0,3093.0,2247.0,1765.0,1524.0,1221.0,1082.0,921.0,835.0,729.0,682.0,686.0,571.0,558.0,512.0,474.0,486.0
218,445.0,459.0,487.0,511.0,601.0,635.0,667.0,813.0,845.0,1016.0,1100.0,1251.0,1552.0,1762.0,2727.0,3394.0,5780.0,0.0,0.0,0.0,0.0,0.0,0.0,0.0,5023.0,3270.0,2315.0,1752.0,1592.0,1201.0,1109.0,941.0,909.0,748.0,708.0,644.0,571.0,576.0,527.0,494.0,490.0
219,491.0,478.0,489.0,534.0,637.0,614.0,684.0,743.0,829.0,999.0,1077.0,1272.0,1523.0,1678.0,2898.0,3243.0,5813.0,0.0,0.0,0.0,0.0,0.0,0.0,0.0,4936.0,2990.0,2422.0,1808.0,1545.0,1220.0,1095.0,925.0,814.0,770.0,681.0,617.0,565.0,571.0,509.0,501.0,483.0
220,453.0,481.0,537.0,533.0,583.0,642.0,692.0,762.0,841.0,972.0,1205.0,1269.0,1496.0,1665.0,2755.0,3429.0,6107.0,0.0,0.0,0.0,0.0,0.0,0.0,0.0,4853.0,3030.0,2210.0,1894.0,1596.0,1209.0,1074.0,1029.0,833.0,740.0,682.0,650.0,562.0,578.0,502.0,473.0,464.0
221,466.0,479.0,496.0,571.0,570.0,606.0,654.0,773.0,858.0,985.0,1081.0,1256.0,1468.0,1725.0,2706.0,3415.0,5822.0,0.0,0.0,0.0,0.0,0.0,0.0,0.0,4980.0,2963.0,2274.0,1724.0,1666.0,1199.0,1057.0,919.0,824.0,763.0,671.0,646.0,577.0,545.0,521.0,474.0,463.0
222,451.0,460.0,493.0,528.0,578.0,631.0,687.0,769.0,809.0,1011.0,1095.0,1282.0,1480.0,1757.0,2787.0,3313.0,5971.0,0.0,0.0,0.0,0.0,0.0,0.0,0.0,5490.0,2855.0,2261.0,1763.0,1510.0,1191.0,1089.0,934.0,918.0,734.0,705.0,619.0,630.0,560.0,501.0,482.0,474.0
223,466.0,463.0,494.0,522.0,582.0,640.0,697.0,750.0,819.0,1007.0,1073.0,1299.0,1512.0,1669.0,2799.0,3422.0,5659.0,0.0,0.0,0.0,0.0,0.0,0.0,0.0,5204.0,2937.0,2277.0,1719.0,1560.0,1235.0,1087.0,919.0,825.0,818.0,698.0,652.0,591.0,607.0,510.0,485.0,473.0
224,453.0,509.0,480.0,512.0,584.0,617.0,659.0,736.0,801.0,988.0,1201.0,1277.0,1545.0,1757.0,2654.0,3486.0,5572.0,0.0,0.0,0.0,0.0,0.0,0.0,0.0,5379.0,3056.0,2379.0,1719.0,1543.0,1237.0,1085.0,1024.0,848.0,767.0,671.0,648.0,565.0,568.0,516.0,500.0,478.0
225,450.0,462.0,507.0,535.0,571.0,631.0,690.0,743.0,897.0,1000.0,1086.0,1239.0,1488.0,1672.0,2806.0,3350.0,5568.0,0.0,0.0,0.0,0.0,0.0,0.0,0.0,5005.0,2797.0,2512.0,1789.0,1512.0,1228.0,1081.0,916.0,870.0,756.0,705.0,619.0,573.0,544.0,560.0,480.0,492.0
226,448.0,481.0,505.0,519.0,599.0,679.0,698.0,751.0,811.0,1018.0,1113.0,1248.0,1488.0,1648.0,2709.0,3548.0,5782.0,0.0,0.0,0.0,0.0,0.0,0.0,0.0,4829.0,2924.0,2248.0,1909.0,1518.0,1211.0,1111.0,935.0,868.0,740.0,697.0,630.0,575.0,553.0,522.0,525.0,474.0
227,448.0,468.0,487.0,522.0,639.0,621.0,659.0,766.0,855.0,1004.0,1089.0,1270.0,1526.0,1686.0,2644.0,3385.0,6076.0,0.0,0.0,0.0,0.0,0.0,0.0,0.0,4839.0,2870.0,2279.0,1751.0,1513.0,1242.0,1106.0,920.0,859.0,751.0,684.0,632.0,567.0,560.0,529.0,493.0,517.0
228,450.0,466.0,490.0,545.0,582.0,631.0,672.0,784.0,839.0,965.0,1211.0,1260.0,1557.0,1716.0,2680.0,3376.0,5612.0,0.0,0.0,0.0,0.0,0.0,0.0,0.0,4967.0,2854.0,2236.0,1801.0,1547.0,1239.0,1095.0,1021.0,845.0,755.0,745.0,655.0,564.0,548.0,501.0,496.0,487.0
229,438.0,466.0,512.0,526.0,591.0,613.0,679.0,747.0,827.0,952.0,1071.0,1237.0,1531.0,1646.0,2738.0,3545.0,5690.0,0.0,0.0,0.0,0.0,0.0,0.0,0.0,5144.0,3033.0,2229.0,1779.0,1517.0,1222.0,1078.0,911.0,872.0,745.0,696.0,631.0,578.0,568.0,511.0,488.0,491.0
230,440.0,463.0,494.0,513.0,572.0,624.0,700.0,760.0,831.0,1069.0,1081.0,1256.0,1503.0,1767.0,2651.0,3559.0,5352.0,0.0,0.0,0.0,0.0,0.0,0.0,0.0,5032.0,3249.0,2317.0,1779.0,1490.0,1204.0,1104.0,929.0,870.0,784.0,684.0,631.0,631.0,544.0,509.0,466.0,484.0
231,437.0,454.0,493.0,539.0,582.0,606.0,678.0,744.0,849.0,957.0,1055.0,1277.0,1477.0,1701.0,2817.0,3374.0,5539.0,0.0,0.0,0.0,0.0,0.0,0.0,0.0,5043.0,2987.0,2431.0,1852.0,1477.0,1244.0,1101.0,915.0,860.0,776.0,670.0,659.0,591.0,574.0,513.0,467.0,465.0
232,439.0,452.0,484.0,539.0,577.0,616.0,682.0,749.0,826.0,972.0,1181.0,1260.0,1512.0,1689.0,2716.0,3500.0,5789.0,0.0,0.0,0.0,0.0,0.0,0.0,0.0,4981.0,3039.0,2233.0,1941.0,1479.0,1239.0,1092.0,1016.0,838.0,761.0,666.0,639.0,566.0,555.0,557.0,477.0,464.0
233,434.0,476.0,503.0,576.0,565.0,625.0,701.0,755.0,851.0,951.0,1066.0,1224.0,1533.0,1732.0,2632.0,3426.0,5558.0,0.0,0.0,0.0,0.0,0.0,0.0,0.0,4962.0,2951.0,2294.0,1753.0,1521.0,1226.0,1080.0,912.0,820.0,744.0,686.0,640.0,574.0,549.0,522.0,475.0,473.0
234,437.0,470.0,507.0,532.0,591.0,619.0,688.0,767.0,836.0,1067.0,1087.0,1239.0,1512.0,1752.0,2717.0,3447.0,5512.0,0.0,0.0,0.0,0.0,0.0,0.0,0.0,5355.0,2861.0,2281.0,1794.0,1524.0,1207.0,1109.0,931.0,828.0,741.0,669.0,666.0,575.0,548.0,527.0,478.0,473.0
235,451.0,474.0,506.0,529.0,629.0,635.0,667.0,784.0,845.0,956.0,1067.0,1263.0,1493.0,1667.0,2783.0,3629.0,5364.0,0.0,0.0,0.0,0.0,0.0,0.0,0.0,5199.0,2974.0,2292.0,1750.0,1487.0,1236.0,1105.0,915.0,853.0,758.0,666.0,641.0,566.0,559.0,500.0,493.0,476.0
236,457.0,474.0,541.0,520.0,575.0,618.0,678.0,744.0,861.0,974.0,1192.0,1262.0,1478.0,1762.0,2657.0,3647.0,5366.0,0.0,0.0,0.0,0.0,0.0,0.0,0.0,5591.0,3164.0,2368.0,1753.0,1489.0,1232.0,1090.0,1018.0,833.0,787.0,687.0,639.0,564.0,578.0,511.0,476.0,490.0
237,452.0,457.0,499.0,540.0,566.0,623.0,692.0,756.0,852.0,956.0,1064.0,1250.0,1519.0,1674.0,2819.0,3416.0,5493.0,0.0,0.0,0.0,0.0,0.0,0.0,0.0,5335.0,2914.0,2473.0,1813.0,1495.0,1222.0,1070.0,912.0,910.0,784.0,708.0,665.0,578.0,570.0,527.0,469.0,473.0
238,456.0,474.0,514.0,580.0,574.0,607.0,670.0,761.0,820.0,1066.0,1079.0,1264.0,1549.0,1645.0,2660.0,3590.0,5558.0,0.0,0.0,0.0,0.0,0.0,0.0,0.0,5035.0,3007.0,2202.0,1910.0,1541.0,1210.0,1100.0,927.0,814.0,777.0,681.0,631.0,632.0,574.0,509.0,490.0,517.0
239,452.0,505.0,494.0,533.0,576.0,631.0,751.0,750.0,806.0,949.0,1058.0,1270.0,1527.0,1692.0,2590.0,3573.0,5811.0,0.0,0.0,0.0,0.0,0.0,0.0,0.0,4898.0,2952.0,2222.0,1749.0,1508.0,1253.0,1097.0,909.0,830.0,757.0,682.0,651.0,591.0,543.0,503.0,497.0,486.0
240,456.0,461.0,482.0,529.0,580.0,638.0,689.0,765.0,907.0,964.0,1187.0,1248.0,1497.0,1734.0,2669.0,3530.0,5443.0,0.0,0.0,0.0,0.0,0.0,0.0,0.0,4974.0,2959.0,2173.0,1798.0,1478.0,1249.0,1082.0,1007.0,815.0,824.0,708.0,639.0,565.0,554.0,523.0,490.0,466.0
241,451.0,481.0,507.0,519.0,567.0,605.0,703.0,779.0,820.0,947.0,1069.0,1220.0,1469.0,1673.0,2735.0,3636.0,5563.0,0.0,0.0,0.0,0.0,0.0,0.0,0.0,5211.0,3165.0,2166.0,1766.0,1469.0,1239.0,1063.0,898.0,902.0,738.0,685.0,634.0,575.0,604.0,529.0,472.0,484.0
242,437.0,464.0,503.0,538.0,591.0,635.0,756.0,840.0,836.0,1060.0,1085.0,1235.0,1515.0,1794.0,2623.0,3648.0,5205.0,0.0,0.0,0.0,0.0,0.0,0.0,0.0,5065.0,3339.0,2248.0,1749.0,1477.0,1217.0,1090.0,912.0,844.0,761.0,706.0,651.0,576.0,567.0,501.0,470.0,491.0
243,454.0,479.0,486.0,521.0,631.0,675.0,693.0,756.0,819.0,951.0,1067.0,1263.0,1541.0,1719.0,2815.0,3433.0,5205.0,0.0,0.0,0.0,0.0,0.0,0.0,0.0,4972.0,3015.0,2344.0,1797.0,1519.0,1247.0,1083.0,891.0,832.0,785.0,678.0,637.0,569.0,572.0,511.0,481.0,464.0
244,439.0,462.0,490.0,523.0,577.0,616.0,713.0,768.0,826.0,967.0,1195.0,1262.0,1519.0,1696.0,2718.0,3573.0,5464.0,0.0,0.0,0.0,0.0,0.0,0.0,0.0,4864.0,3008.0,2150.0,1884.0,1504.0,1243.0,1069.0,993.0,856.0,758.0,713.0,633.0,566.0,551.0,528.0,496.0,465.0
245,456.0,463.0,512.0,548.0,563.0,627.0,724.0,773.0,827.0,948.0,1060.0,1241.0,1508.0,1739.0,2643.0,3500.0,5325.0,0.0,0.0,0.0,0.0,0.0,0.0,0.0,4895.0,2958.0,2258.0,1714.0,1469.0,1231.0,1054.0,890.0,851.0,780.0,709.0,649.0,581.0,555.0,509.0,481.0,474.0
246,440.0,452.0,498.0,527.0,569.0,674.0,683.0,761.0,845.0,1060.0,1073.0,1261.0,1501.0,1758.0,2710.0,3368.0,5452.0,0.0,0.0,0.0,0.0,0.0,0.0,0.0,5356.0,2901.0,2296.0,1765.0,1635.0,1220.0,1090.0,908.0,842.0,746.0,691.0,632.0,635.0,604.0,502.0,521.0,475.0
247,457.0,447.0,492.0,516.0,570.0,622.0,713.0,777.0,828.0,953.0,1052.0,1281.0,1549.0,1659.0,2716.0,3481.0,5211.0,0.0,0.0,0.0,0.0,0.0,0.0,0.0,5130.0,3077.0,2331.0,1735.0,1491.0,1262.0,1088.0,897.0,829.0,830.0,752.0,628.0,598.0,564.0,521.0,476.0,492.0
248,442.0,451.0,484.0,541.0,573.0,611.0,697.0,788.0,820.0,977.0,1179.0,1265.0,1562.0,1750.0,2581.0,3533.0,5115.0,0.0,0.0,0.0,0.0,0.0,0.0,0.0,5326.0,3274.0,2404.0,1748.0,1553.0,1257.0,1074.0,1000.0,815.0,777.0,702.0,647.0,573.0,542.0,501.0,467.0,480.0
249,445.0,468.0,482.0,539.0,562.0,617.0,719.0,804.0,836.0,962.0,1058.0,1232.0,1501.0,1669.0,2734.0,3321.0,5229.0,0.0,0.0,0.0,0.0,0.0,0.0,0.0,4974.0,2976.0,2512.0,1837.0,1519.0,1247.0,1061.0,897.0,833.0,764.0,692.0,632.0,581.0,550.0,509.0,488.0,522.0
250,488.0,471.0,510.0,576.0,586.0,628.0,699.0,760.0,844.0,1077.0,1079.0,1255.0,1617.0,1661.0,2600.0,3598.0,5402.0,0.0,0.0,0.0,0.0,0.0,0.0,0.0,4777.0,3068.0,2252.0,1962.0,1480.0,1225.0,1089.0,917.0,864.0,787.0,756.0,631.0,580.0,555.0,514.0,492.0,491.0
251,442.0,465.0,509.0,532.0,625.0,607.0,685.0,772.0,860.0,965.0,1060.0,1291.0,1440.0,1717.0,2504.0,3553.0,5693.0,0.0,0.0,0.0,0.0,0.0,0.0,0.0,4819.0,3025.0,2289.0,1804.0,1635.0,1255.0,1083.0,901.0,846.0,756.0,675.0,649.0,569.0,543.0,529.0,465.0,470.0
Avg,449.36653386454185,465.49800796812747,499.8645418326693,533.2191235059761,590.0637450199204,628.5577689243028,676.5737051792829,765.6932270916335,843.1354581673306,943.5537848605578,1118.211155378486,1266.7211155378486,1521.7330677290836,1763.8764940239043,2510.9282868525897,3333.378486055777,5574.262948207172,0.0,0.0,0.0,0.0,0.0,0.0,6974.358565737052,4875.211155378486,2959.466135458167,2237.330677290837,1867.9601593625498,1542.2788844621514,1231.3386454183267,1070.8446215139443,992.9083665338645,844.593625498008,763.1235059760957,719.1513944223108,637.0996015936255,592.3187250996016,567.0438247011953,516.0876494023904,499.68525896414343,487.71314741035854
